Date,NAV GAVIX,NAV GAVAX,NAV UCITS Net USD,Date,,,,0
3/31/2015,14.41,14.29,168.88,3/31/2015,,,0,
3/30/2015,14.58,14.45,170.49,3/30/2015,,,0,
3/27/2015,14.51,14.38,169.82,3/27/2015,,,0,
3/26/2015,14.45,14.32,169.43,3/26/2015,,,0,
3/25/2015,14.51,14.39,170.34,3/25/2015,,,0,
3/24/2015,14.67,14.55,171.95,3/24/2015,,,0,
3/23/2015,14.7,14.57,172.28,3/23/2015,,,0,
3/20/2015,14.65,14.52,171.43,3/20/2015,,,0,
3/19/2015,14.55,14.42,170.52,3/19/2015,,,0,
3/18/2015,14.6,14.47,170.66,3/18/2015,,,0,
3/17/2015,14.43,14.3,168.68,3/17/2015,,,0,
3/16/2015,14.42,14.3,168.68,3/16/2015,,,0,
3/13/2015,14.3,14.18,167.55,3/13/2015,,,0,
3/12/2015,14.34,14.22,167.66,3/12/2015,,,0,
3/11/2015,14.19,14.07,166.15,3/11/2015,,,0,
3/10/2015,14.19,14.06,166.35,3/10/2015,,,0,
3/09/2015,14.34,14.21,167.84,3/09/2015,,,0,
3/06/2015,14.29,14.16,167.54,3/06/2015,,,0,
3/05/2015,14.42,14.3,168.98,3/05/2015,,,0,
3/04/2015,14.37,14.25,168.56,3/04/2015,,,0,
3/03/2015,14.38,14.25,168.7,3/03/2015,,,0,
3/02/2015,14.43,14.31,169.16,3/02/2015,,,0,
2/27/2015,14.39,14.27,168.94,2/27/2015,,,0,
2/26/2015,14.41,14.28,168.94,2/26/2015,,,0,
2/25/2015,14.38,14.26,168.75,2/25/2015,,,0,
2/24/2015,14.41,14.29,168.97,2/24/2015,,,0,
2/23/2015,14.37,14.24,168.34,2/23/2015,,,0,
2/20/2015,14.36,14.24,168.34,2/20/2015,,,0,
2/19/2015,14.25,14.13,167.15,2/19/2015,,,0,
2/18/2015,14.23,14.11,166.78,2/18/2015,,,0,
2/17/2015,14.19,14.07,166.46,2/17/2015,,,0,
2/16/2015,14.19,14.07,166.42,2/16/2015,,,0,
2/13/2015,14.19,14.07,166.42,2/13/2015,,,0,
2/12/2015,14.13,14.01,165.83,2/12/2015,,,0,
2/11/2015,14.01,13.89,164.26,2/11/2015,,,0,
2/10/2015,14.01,13.89,164.26,2/10/2015,,,0,
2/09/2015,13.88,13.77,163.22,2/09/2015,,,0,
2/06/2015,13.94,13.82,164.54,2/06/2015,,,0,
2/05/2015,14.04,13.92,164.54,2/05/2015,,,0,
2/04/2015,13.96,13.84,164.04,2/04/2015,,,0,
2/03/2015,14.02,13.9,164.22,2/03/2015,,,0,
2/02/2015,13.96,13.84,163.75,2/02/2015,,,0,
1/30/2015,13.89,13.77,163.21,1/30/2015,,,0,
1/29/2015,14.01,13.89,164.22,1/29/2015,,,0,
1/28/2015,13.89,13.77,163.5,1/28/2015,,,0,
1/27/2015,13.99,13.87,164.68,1/27/2015,,,0,
1/26/2015,14.04,13.92,164.67,1/26/2015,,,0,
1/23/2015,14.01,13.89,165.3,1/23/2015,,,0,
1/22/2015,14.08,13.96,165.3,1/22/2015,,,0,
1/21/2015,13.94,13.83,163.93,1/21/2015,,,0,
1/20/2015,13.93,13.81,163.73,1/20/2015,,,0,
1/19/2015,13.91,13.8,163.23,1/19/2015,,,0,
1/16/2015,13.91,13.8,163.23,1/16/2015,,,0,
1/15/2015,13.81,13.7,162.39,1/15/2015,,,0,
1/14/2015,13.84,13.72,162.39,1/14/2015,,,0,
1/13/2015,13.85,13.73,162.41,1/13/2015,,,0,
1/12/2015,13.83,13.71,162.48,1/12/2015,,,0,
1/09/2015,13.86,13.75,162.75,1/09/2015,,,0,
1/08/2015,13.9,13.79,162.74,1/08/2015,,,0,
1/07/2015,13.7,13.59,160.31,1/07/2015,,,0,
1/06/2015,13.58,13.47,159.55,1/06/2015,,,0,
1/05/2015,13.69,13.58,161.11,1/05/2015,,,0,
1/02/2015,13.76,13.65,161.83,1/02/2015,,,0,
12/31/2014,13.74,13.63,161.71,12/31/2014,,,0,
12/30/2014,13.84,13.72,162.85,12/30/2014,,,0,
12/29/2014,13.89,13.78,163.03,12/29/2014,,,0,
12/24/2014,13.91,13.79,163.03,12/24/2014,,,0,
12/23/2014,13.89,13.78,163.03,12/23/2014,,,0,
12/22/2014,13.94,13.83,163.82,12/22/2014,,,0,
12/19/2014,13.89,13.78,163.33,12/19/2014,,,0,
12/18/2014,13.86,13.75,162.5,12/18/2014,,,0,
12/17/2014,13.65,13.54,160.4,12/17/2014,,,0,
12/16/2014,13.53,13.42,159.51,12/16/2014,,,0,
12/15/2014,13.59,13.48,160.22,12/15/2014,,,0,
12/12/2014,13.65,13.54,162.21,12/12/2014,,,0,
12/11/2014,13.78,13.67,162.21,12/11/2014,,,0,
12/10/2014,13.73,13.62,161.97,12/10/2014,,,0,
12/09/2014,13.88,13.77,163.96,12/09/2014,,,0,
12/08/2014,14.29,14.14,164.04,12/08/2014,,,0,
12/05/2014,14.35,14.2,164.49,12/05/2014,,,0,
12/04/2014,14.33,14.18,164.43,12/04/2014,,,0,
12/03/2014,14.33,14.18,164.26,12/03/2014,,,0,
12/02/2014,14.28,14.13,163.56,12/02/2014,,,0,
12/01/2014,14.25,14.1,163.56,12/01/2014,,,0,
11/28/2014,14.26,14.11,163.64,11/28/2014,,,0,
11/27/2014,14.22,14.07,163.24,11/27/2014,,,0,
11/26/2014,14.22,14.07,163.24,11/26/2014,,,0,
11/25/2014,14.18,14.04,162.83,11/25/2014,,,0,
11/24/2014,14.19,14.05,162.75,11/24/2014,,,0,
11/21/2014,14.16,14.01,162.47,11/21/2014,,,0,
11/20/2014,14.1,13.96,161.93,11/20/2014,,,0,
11/19/2014,14.11,13.96,161.87,11/19/2014,,,0,
11/18/2014,14.15,14,162.39,11/18/2014,,,0,
11/17/2014,14.04,13.9,160.93,11/17/2014,,,0,
11/14/2014,14.07,13.93,161.49,11/14/2014,,,0,
11/13/2014,14.09,13.95,161.76,11/13/2014,,,0,
11/12/2014,14.04,13.89,161.26,11/12/2014,,,0,
11/11/2014,14.04,13.89,160.57,11/11/2014,,,0,
11/10/2014,14,13.85,160.57,11/10/2014,,,0,
11/07/2014,13.92,13.78,159.79,11/07/2014,,,0,
11/06/2014,13.99,13.85,160.34,11/06/2014,,,0,
11/05/2014,13.96,13.82,160.34,11/05/2014,,,0,
11/04/2014,13.94,13.79,160.14,11/04/2014,,,0,
11/03/2014,13.95,13.81,159.29,11/03/2014,,,0,
10/31/2014,14,13.86,160.34,10/31/2014,,,0,
10/30/2014,13.88,13.74,158.94,10/30/2014,,,0,
10/29/2014,13.81,13.67,158.94,10/29/2014,,,0,
10/28/2014,13.83,13.69,158.82,10/28/2014,,,0,
10/27/2014,13.71,13.57,156,10/27/2014,,,0,
10/24/2014,13.69,13.55,156,10/24/2014,,,0,
10/23/2014,13.6,13.46,156,10/23/2014,,,0,
10/22/2014,13.45,13.32,154.76,10/22/2014,,,0,
10/21/2014,13.51,13.37,154.92,10/21/2014,,,0,
10/20/2014,13.33,13.2,153.18,10/20/2014,,,0,
10/17/2014,13.23,13.1,151.82,10/17/2014,,,0,
10/16/2014,13.17,13.04,152.01,10/16/2014,,,0,
10/15/2014,13.21,13.07,152.01,10/15/2014,,,0,
10/14/2014,13.22,13.09,151.95,10/14/2014,,,0,
10/13/2014,13.19,13.06,153.2,10/13/2014,,,0,
10/10/2014,13.32,13.19,153.2,10/10/2014,,,0,
10/09/2014,13.46,13.33,155.11,10/09/2014,,,0,
10/08/2014,13.68,13.55,156.95,10/08/2014,,,0,
10/07/2014,13.52,13.38,156.74,10/07/2014,,,0,
10/06/2014,13.64,13.51,156.74,10/06/2014,,,0,
10/03/2014,13.58,13.44,155.7,10/03/2014,,,0,
10/02/2014,13.47,13.34,154.93,10/02/2014,,,0,
10/01/2014,13.49,13.36,155.3,10/01/2014,,,0,
9/30/2014,13.63,13.5,156.74,9/30/2014,,,0,
9/29/2014,13.68,13.54,157.31,9/29/2014,,,0,
9/26/2014,13.7,13.56,157.36,9/26/2014,,,0,
9/25/2014,13.65,13.51,157.24,9/25/2014,,,0,
9/24/2014,13.79,13.66,158.04,9/24/2014,,,0,
9/23/2014,13.72,13.58,158.04,9/23/2014,,,0,
9/22/2014,13.8,13.67,158.93,9/22/2014,,,0,
9/19/2014,13.85,13.71,159.51,9/19/2014,,,0,
9/18/2014,13.89,13.76,159.4,9/18/2014,,,0,
9/17/2014,13.83,13.7,159.4,9/17/2014,,,0,
9/16/2014,13.87,13.73,159.69,9/16/2014,,,0,
9/15/2014,13.8,13.66,159.07,9/15/2014,,,0,
9/12/2014,13.84,13.7,159.53,9/12/2014,,,0,
9/11/2014,13.9,13.76,160.3,9/11/2014,,,0,
9/10/2014,13.9,13.76,160.08,9/10/2014,,,0,
9/09/2014,13.85,13.71,159.76,9/09/2014,,,0,
9/08/2014,13.91,13.77,160.56,9/08/2014,,,0,
9/05/2014,13.95,13.81,160.93,9/05/2014,,,0,
9/04/2014,13.91,13.78,160.55,9/04/2014,,,0,
9/03/2014,13.96,13.82,161.05,9/03/2014,,,0,
9/02/2014,13.94,13.81,160.79,9/02/2014,,,0,
9/01/2014,13.93,13.79,160.81,9/01/2014,,,0,
8/29/2014,13.93,13.79,160.81,8/29/2014,,,0,
8/28/2014,13.89,13.76,160.37,8/28/2014,,,0,
8/27/2014,13.89,13.76,160.35,8/27/2014,,,0,
8/26/2014,13.93,13.79,160.7,8/26/2014,,,0,
8/25/2014,13.93,13.8,160.79,8/25/2014,,,0,
8/22/2014,13.88,13.75,160.19,8/22/2014,,,0,
8/21/2014,13.91,13.78,160.57,8/21/2014,,,0,
8/20/2014,13.89,13.76,160.43,8/20/2014,,,0,
8/19/2014,13.92,13.78,160.68,8/19/2014,,,0,
8/18/2014,13.89,13.76,160.35,8/18/2014,,,0,
8/15/2014,13.84,13.71,159.76,8/15/2014,,,0,
8/14/2014,13.83,13.69,159.7,8/14/2014,,,0,
8/13/2014,13.78,13.64,159.11,8/13/2014,,,0,
8/12/2014,13.69,13.56,158.24,8/12/2014,,,0,
8/11/2014,13.7,13.56,158.28,8/11/2014,,,0,
8/08/2014,13.63,13.5,157.32,8/08/2014,,,0,
8/07/2014,13.55,13.42,156.75,8/07/2014,,,0,
8/06/2014,13.62,13.49,157.37,8/06/2014,,,0,
8/05/2014,13.65,13.52,157.89,8/05/2014,,,0,
8/04/2014,13.75,13.61,158.3,8/04/2014,,,0,
8/01/2014,13.67,13.54,158.3,8/01/2014,,,0,
7/31/2014,13.69,13.55,158.43,7/31/2014,,,0,
7/30/2014,13.87,13.73,160.2,7/30/2014,,,0,
7/29/2014,13.84,13.71,160.1,7/29/2014,,,0,
7/28/2014,13.89,13.76,160.73,7/28/2014,,,0,
7/25/2014,13.87,13.74,160.53,7/25/2014,,,0,
7/24/2014,13.91,13.77,160.91,7/24/2014,,,0,
7/23/2014,13.89,13.76,160.78,7/23/2014,,,0,
7/22/2014,13.88,13.75,160.68,7/22/2014,,,0,
7/21/2014,13.82,13.69,160.05,7/21/2014,,,0,
7/18/2014,13.85,13.72,160.31,7/18/2014,,,0,
7/17/2014,13.77,13.63,159.55,7/17/2014,,,0,
7/16/2014,13.87,13.74,160.64,7/16/2014,,,0,
7/15/2014,13.83,13.7,160.24,7/15/2014,,,0,
7/14/2014,13.88,13.75,160.92,7/14/2014,,,0,
7/11/2014,13.82,13.69,160.14,7/11/2014,,,0,
7/10/2014,13.79,13.66,159.97,7/10/2014,,,0,
7/09/2014,13.85,13.72,160.59,7/09/2014,,,0,
7/08/2014,13.81,13.68,160.22,7/08/2014,,,0,
7/07/2014,13.91,13.78,161.25,7/07/2014,,,0,
7/04/2014,13.97,13.84,161.94,7/04/2014,,,0,
7/03/2014,13.97,13.84,161.94,7/03/2014,,,0,
7/02/2014,13.93,13.8,161.53,7/02/2014,,,0,
7/01/2014,13.93,13.8,161.58,7/01/2014,,,0,
6/30/2014,13.85,13.72,160.7,6/30/2014,,,0,
6/27/2014,13.85,13.72,160.53,6/27/2014,,,0,
6/26/2014,13.84,13.71,160.46,6/26/2014,,,0,
6/25/2014,13.89,13.76,160.98,6/25/2014,,,0,
6/24/2014,13.83,13.7,160.41,6/24/2014,,,0,
6/23/2014,13.88,13.75,160.95,6/23/2014,,,0,
6/20/2014,13.91,13.78,161.15,6/20/2014,,,0,
6/19/2014,13.89,13.76,161.14,6/19/2014,,,0,
6/18/2014,13.85,13.73,160.37,6/18/2014,,,0,
6/17/2014,13.77,13.64,159.52,6/17/2014,,,0,
6/16/2014,13.72,13.59,158.99,6/16/2014,,,0,
6/13/2014,13.69,13.56,158.52,6/13/2014,,,0,
6/12/2014,13.66,13.54,158.38,6/12/2014,,,0,
6/11/2014,13.69,13.57,158.78,6/11/2014,,,0,
6/10/2014,13.73,13.61,159.13,6/10/2014,,,0,
6/09/2014,13.75,13.62,159.27,6/09/2014,,,0,
6/06/2014,13.75,13.62,159.14,6/06/2014,,,0,
6/05/2014,13.72,13.59,158.75,6/05/2014,,,0,
6/04/2014,13.66,13.54,158.17,6/04/2014,,,0,
6/03/2014,13.62,13.5,157.79,6/03/2014,,,0,
5/30/2014,13.65,13.53,158.14,5/30/2014,,,0,
5/29/2014,13.64,13.51,157.99,5/29/2014,,,0,
5/28/2014,13.56,13.44,157.2,5/28/2014,,,0,
5/27/2014,13.57,13.44,157.14,5/27/2014,,,0,
5/26/2014,13.49,13.37,156.35,5/26/2014,,,0,
5/23/2014,13.49,13.37,156.35,5/23/2014,,,0,
5/22/2014,13.46,13.34,156.12,5/22/2014,,,0,
5/21/2014,13.44,13.32,155.7,5/21/2014,,,0,
5/20/2014,13.39,13.27,155.38,5/20/2014,,,0,
5/19/2014,13.44,13.32,155.91,5/19/2014,,,0,
5/16/2014,13.39,13.27,155.32,5/16/2014,,,0,
5/15/2014,13.36,13.24,155.01,5/15/2014,,,0,
5/14/2014,13.43,13.31,155.96,5/14/2014,,,0,
5/13/2014,13.46,13.34,156.13,5/13/2014,,,0,
5/12/2014,13.45,13.33,155.98,5/12/2014,,,0,
5/09/2014,13.38,13.26,155.28,5/09/2014,,,0,
5/08/2014,13.39,13.27,155.59,5/08/2014,,,0,
5/07/2014,13.39,13.27,155.45,5/07/2014,,,0,
5/06/2014,13.36,13.24,155.37,5/06/2014,,,0,
5/02/2014,13.4,13.28,155.61,5/02/2014,,,0,
5/01/2014,13.42,13.3,155.79,5/01/2014,,,0,
4/30/2014,13.43,13.31,155.84,4/30/2014,,,0,
4/29/2014,13.39,13.27,155.36,4/29/2014,,,0,
4/28/2014,13.35,13.23,154.87,4/28/2014,,,0,
4/25/2014,13.33,13.21,154.8,4/25/2014,,,0,
4/24/2014,13.43,13.31,155.9,4/24/2014,,,0,
4/23/2014,13.4,13.28,155.57,4/23/2014,,,0,
4/22/2014,13.42,13.3,155.69,4/22/2014,,,0,
4/17/2014,13.36,13.24,155.12,4/17/2014,,,0,
4/16/2014,13.34,13.22,154.75,4/16/2014,,,0,
4/15/2014,13.23,13.11,153.46,4/15/2014,,,0,
4/14/2014,13.23,13.11,153.41,4/14/2014,,,0,
4/11/2014,13.17,13.06,153.12,4/11/2014,,,0,
4/10/2014,13.27,13.16,154.57,4/10/2014,,,0,
4/09/2014,13.5,13.38,156.6,4/09/2014,,,0,
4/08/2014,13.39,13.27,155.6,4/08/2014,,,0,
4/07/2014,13.39,13.27,155.6,4/07/2014,,,0,
4/04/2014,13.51,13.39,157.04,4/04/2014,,,0,
4/03/2014,13.62,13.5,158.24,4/03/2014,,,0,
4/02/2014,13.62,13.5,158.24,4/02/2014,,,0,
4/01/2014,13.6,13.48,158.04,4/01/2014,,,0,
3/31/2014,13.56,13.44,157.62,3/31/2014,,,0,
3/28/2014,13.5,13.38,156.8,3/28/2014,,,0,
3/27/2014,13.42,13.3,155.94,3/27/2014,,,0,
3/26/2014,13.43,13.31,156.14,3/26/2014,,,0,
3/25/2014,13.48,13.36,156.47,3/25/2014,,,0,
3/24/2014,13.42,13.3,155.84,3/24/2014,,,0,
3/21/2014,13.49,13.37,156.82,3/21/2014,,,0,
3/20/2014,13.55,13.43,157.46,3/20/2014,,,0,
3/19/2014,13.55,13.44,158.04,3/19/2014,,,0,
3/18/2014,13.62,13.5,158.45,3/18/2014,,,0,
3/17/2014,13.54,13.42,156.42,3/17/2014,,,0,
3/14/2014,13.44,13.33,156.42,3/14/2014,,,0,
3/13/2014,13.51,13.39,157.32,3/13/2014,,,0,
3/12/2014,13.62,13.5,158.39,3/12/2014,,,0,
3/11/2014,13.62,13.51,158.56,3/11/2014,,,0,
3/10/2014,13.67,13.55,158.91,3/10/2014,,,0,
3/07/2014,13.66,13.55,158.9,3/07/2014,,,0,
3/06/2014,13.71,13.59,159.41,3/06/2014,,,0,
3/05/2014,13.71,13.6,159.56,3/05/2014,,,0,
3/04/2014,13.73,13.61,159.68,3/04/2014,,,0,
3/03/2014,13.56,13.44,157.82,3/03/2014,,,0,
2/28/2014,13.69,13.57,159.28,2/28/2014,,,0,
2/27/2014,13.67,13.55,159,2/27/2014,,,0,
2/26/2014,13.62,13.5,158.35,2/26/2014,,,0,
2/25/2014,13.62,13.5,158.41,2/25/2014,,,0,
2/24/2014,13.64,13.52,158.59,2/24/2014,,,0,
2/21/2014,13.58,13.46,158.04,2/21/2014,,,0,
2/20/2014,13.56,13.45,157.76,2/20/2014,,,0,
2/19/2014,13.53,13.42,157.4,2/19/2014,,,0,
2/18/2014,13.55,13.43,157.76,2/18/2014,,,0,
2/17/2014,13.51,13.39,157.15,2/17/2014,,,0,
2/14/2014,13.51,13.39,157.15,2/14/2014,,,0,
2/13/2014,13.46,13.35,156.5,2/13/2014,,,0,
2/12/2014,13.4,13.29,155.71,2/12/2014,,,0,
2/11/2014,13.36,13.25,155.58,2/11/2014,,,0,
2/10/2014,13.26,13.15,154.34,2/10/2014,,,0,
2/07/2014,13.19,13.08,153.57,2/07/2014,,,0,
2/06/2014,13.04,12.93,151.8,2/06/2014,,,0,
2/05/2014,12.92,12.82,150.65,2/05/2014,,,0,
2/04/2014,12.9,12.79,150.32,2/04/2014,,,0,
2/03/2014,12.9,12.8,150.61,2/03/2014,,,0,
1/31/2014,13.07,12.96,152.44,1/31/2014,,,0,
1/30/2014,13.13,13.02,152.91,1/30/2014,,,0,
1/29/2014,13.07,12.96,152.29,1/29/2014,,,0,
1/28/2014,13.15,13.04,153.08,1/28/2014,,,0,
1/27/2014,13.12,13.01,152.53,1/27/2014,,,0,
1/24/2014,13.2,13.09,153.69,1/24/2014,,,0,
1/23/2014,13.41,13.3,156.18,1/23/2014,,,0,
1/22/2014,13.46,13.35,156.76,1/22/2014,,,0,
1/21/2014,13.45,13.34,156.52,1/21/2014,,,0,
1/20/2014,13.43,13.32,156.42,1/20/2014,,,0,
1/17/2014,13.43,13.32,156.42,1/17/2014,,,0,
1/16/2014,13.47,13.36,156.79,1/16/2014,,,0,
1/15/2014,13.46,13.35,156.69,1/15/2014,,,0,
1/14/2014,13.42,13.31,156.24,1/14/2014,,,0,
1/13/2014,13.33,13.22,155.28,1/13/2014,,,0,
1/10/2014,13.4,13.29,155.99,1/10/2014,,,0,
1/09/2014,13.35,13.24,155.24,1/09/2014,,,0,
1/08/2014,13.35,13.24,155.39,1/08/2014,,,0,
1/07/2014,13.33,13.22,154.97,1/07/2014,,,0,
1/06/2014,13.26,13.15,154.22,1/06/2014,,,0,
1/03/2014,13.27,13.16,154.42,1/03/2014,,,0,
1/02/2014,13.25,13.14,154.08,1/02/2014,,,0,
12/31/2013,13.34,13.23,155.21,12/31/2013,,,0,
12/30/2013,13.33,13.22,155.16,12/30/2013,,,0,
12/27/2013,13.31,13.2,154.36,12/27/2013,,,0,
12/24/2013,13.27,13.16,154.36,12/24/2013,,,0,
12/23/2013,13.26,13.15,154.21,12/23/2013,,,0,
12/20/2013,13.19,13.08,153.37,12/20/2013,,,0,
12/19/2013,13.13,13.02,152.63,12/19/2013,,,0,
12/18/2013,13.12,13.01,152.47,12/18/2013,,,0,
12/17/2013,12.99,12.88,150.79,12/17/2013,,,0,
12/16/2013,13,12.9,151.02,12/16/2013,,,0,
12/13/2013,12.96,12.86,150.5,12/13/2013,,,0,
12/12/2013,12.92,12.82,150.07,12/12/2013,,,0,
12/11/2013,13,12.9,151.23,12/11/2013,,,0,
12/10/2013,13.12,13.02,152.7,12/10/2013,,,0,
12/09/2013,13.86,13.76,152.91,12/09/2013,,,0,
12/06/2013,13.85,13.74,152.7,12/06/2013,,,0,
12/05/2013,13.75,13.65,151.62,12/05/2013,,,0,
12/04/2013,13.78,13.68,151.93,12/04/2013,,,0,
12/03/2013,13.84,13.73,152.77,12/03/2013,,,0,
12/02/2013,13.88,13.77,153.22,12/02/2013,,,0,
11/29/2013,13.89,13.79,153.5,11/29/2013,,,0,
11/28/2013,13.9,13.8,153.53,11/28/2013,,,0,
11/27/2013,13.9,13.8,153.53,11/27/2013,,,0,
11/26/2013,13.87,13.76,153.16,11/26/2013,,,0,
11/25/2013,13.88,13.77,153.29,11/25/2013,,,0,
11/22/2013,13.87,13.77,153.13,11/22/2013,,,0,
11/21/2013,13.83,13.73,152.63,11/21/2013,,,0,
11/20/2013,13.77,13.67,152.18,11/20/2013,,,0,
11/19/2013,13.8,13.7,152.45,11/19/2013,,,0,
11/18/2013,13.84,13.74,153.04,11/18/2013,,,0,
11/15/2013,13.88,13.78,153.35,11/15/2013,,,0,
11/14/2013,13.86,13.76,153.16,11/14/2013,,,0,
11/13/2013,13.83,13.73,152.67,11/13/2013,,,0,
11/12/2013,13.76,13.66,151.99,11/12/2013,,,0,
11/11/2013,13.74,13.64,151.85,11/11/2013,,,0,
11/08/2013,13.75,13.65,151.85,11/08/2013,,,0,
11/07/2013,13.66,13.56,150.91,11/07/2013,,,0,
11/06/2013,13.76,13.66,152.15,11/06/2013,,,0,
11/05/2013,13.72,13.62,151.72,11/05/2013,,,0,
11/04/2013,13.74,13.64,151.87,11/04/2013,,,0,
11/01/2013,13.71,13.61,151.47,11/01/2013,,,0,
10/31/2013,13.7,13.6,151.53,10/31/2013,,,0,
10/30/2013,13.71,13.61,151.84,10/30/2013,,,0,
10/29/2013,13.76,13.66,152.28,10/29/2013,,,0,
10/28/2013,13.73,13.63,151.47,10/28/2013,,,0,
10/25/2013,13.69,13.59,151.47,10/25/2013,,,0,
10/24/2013,13.66,13.56,151.25,10/24/2013,,,0,
10/23/2013,13.68,13.58,151.54,10/23/2013,,,0,
10/22/2013,13.69,13.59,151.4,10/22/2013,,,0,
10/21/2013,13.63,13.54,150.83,10/21/2013,,,0,
10/18/2013,13.63,13.53,150.85,10/18/2013,,,0,
10/17/2013,13.53,13.43,149.64,10/17/2013,,,0,
10/16/2013,13.44,13.34,148.38,10/16/2013,,,0,
10/15/2013,13.35,13.25,147.49,10/15/2013,,,0,
10/14/2013,13.4,13.3,147.43,10/14/2013,,,0,
10/11/2013,13.34,13.25,147.43,10/11/2013,,,0,
10/10/2013,13.27,13.17,146.58,10/10/2013,,,0,
10/09/2013,13.1,13.01,144.85,10/09/2013,,,0,
10/08/2013,13.08,12.99,144.83,10/08/2013,,,0,
10/07/2013,13.2,13.11,146.11,10/07/2013,,,0,
10/04/2013,13.27,13.17,146.9,10/04/2013,,,0,
10/03/2013,13.24,13.15,146.54,10/03/2013,,,0,
10/02/2013,13.32,13.23,147.42,10/02/2013,,,0,
10/01/2013,13.34,13.25,146.9,10/01/2013,,,0,
9/30/2013,13.28,13.19,146.9,9/30/2013,,,0,
9/27/2013,13.31,13.22,147.23,9/27/2013,,,0,
9/26/2013,13.32,13.23,147.18,9/26/2013,,,0,
9/25/2013,13.3,13.21,147.06,9/25/2013,,,0,
9/24/2013,13.36,13.27,147.77,9/24/2013,,,0,
9/23/2013,13.39,13.29,148.08,9/23/2013,,,0,
9/20/2013,13.43,13.33,148.41,9/20/2013,,,0,
9/19/2013,13.47,13.37,148.93,9/19/2013,,,0,
9/18/2013,13.5,13.4,148.78,9/18/2013,,,0,
9/17/2013,13.36,13.27,147.62,9/17/2013,,,0,
9/16/2013,13.37,13.27,147.8,9/16/2013,,,0,
9/13/2013,13.28,13.19,146.72,9/13/2013,,,0,
9/12/2013,13.25,13.15,146.51,9/12/2013,,,0,
9/11/2013,13.29,13.2,146.77,9/11/2013,,,0,
9/10/2013,13.26,13.17,146.34,9/10/2013,,,0,
9/09/2013,13.21,13.12,145.84,9/09/2013,,,0,
9/06/2013,13.13,13.04,144.97,9/06/2013,,,0,
9/05/2013,13.1,13.01,144.58,9/05/2013,,,0,
9/04/2013,13.11,13.02,144.72,9/04/2013,,,0,
9/03/2013,13.04,12.95,143.93,9/03/2013,,,0,
9/02/2013,13,12.91,143.62,9/02/2013,,,0,
8/30/2013,13,12.91,143.62,8/30/2013,,,0,
8/29/2013,13.04,12.95,144.02,8/29/2013,,,0,
8/28/2013,13.04,12.95,144.11,8/28/2013,,,0,
8/27/2013,13.06,12.97,144.62,8/27/2013,,,0,
8/26/2013,13.19,13.1,145.9,8/26/2013,,,0,
8/23/2013,13.23,13.14,146.26,8/23/2013,,,0,
8/22/2013,13.19,13.1,145.78,8/22/2013,,,0,
8/21/2013,13.14,13.05,145.42,8/21/2013,,,0,
8/20/2013,13.21,13.12,146.14,8/20/2013,,,0,
8/19/2013,13.21,13.12,146.25,8/19/2013,,,0,
8/16/2013,13.22,13.13,146.24,8/16/2013,,,0,
8/15/2013,13.27,13.18,146.64,8/15/2013,,,0,
8/14/2013,13.41,13.32,148.38,8/14/2013,,,0,
8/13/2013,13.46,13.37,148.76,8/13/2013,,,0,
8/12/2013,13.43,13.34,148.5,8/12/2013,,,0,
8/09/2013,13.47,13.37,149.03,8/09/2013,,,0,
8/08/2013,13.49,13.4,149.34,8/08/2013,,,0,
8/07/2013,13.46,13.37,148.99,8/07/2013,,,0,
8/06/2013,13.51,13.42,149.58,8/06/2013,,,0,
8/05/2013,13.51,13.42,149.49,8/05/2013,,,0,
8/02/2013,13.51,13.42,149.49,8/02/2013,,,0,
8/01/2013,13.47,13.38,148.88,8/01/2013,,,0,
7/31/2013,13.38,13.29,147.93,7/31/2013,,,0,
7/30/2013,13.4,13.31,148.31,7/30/2013,,,0,
7/29/2013,13.38,13.29,148.11,7/29/2013,,,0,
7/26/2013,13.43,13.34,148.71,7/26/2013,,,0,
7/25/2013,13.45,13.36,148.75,7/25/2013,,,0,
7/24/2013,13.45,13.36,148.9,7/24/2013,,,0,
7/23/2013,13.49,13.41,149.31,7/23/2013,,,0,
7/22/2013,13.48,13.39,149.19,7/22/2013,,,0,
7/19/2013,13.45,13.36,148.7,7/19/2013,,,0,
7/18/2013,13.43,13.34,148.48,7/18/2013,,,0,
7/17/2013,13.39,13.3,148.03,7/17/2013,,,0,
7/16/2013,13.37,13.28,147.92,7/16/2013,,,0,
7/15/2013,13.4,13.31,148.05,7/15/2013,,,0,
7/12/2013,13.39,13.3,148.04,7/12/2013,,,0,
7/11/2013,13.39,13.3,148,7/11/2013,,,0,
7/10/2013,13.26,13.18,146.49,7/10/2013,,,0,
7/09/2013,13.23,13.14,145.89,7/09/2013,,,0,
7/08/2013,13.18,13.1,145.09,7/08/2013,,,0,
7/05/2013,13.12,13.03,144.34,7/05/2013,,,0,
7/04/2013,13.07,12.99,143.79,7/04/2013,,,0,
7/03/2013,13.07,12.99,143.79,7/03/2013,,,0,
7/02/2013,13.07,12.98,143.78,7/02/2013,,,0,
7/01/2013,13.09,13,143.96,7/01/2013,,,0,
6/28/2013,13.04,12.96,143.33,6/28/2013,,,0,
6/27/2013,13.06,12.97,143.3,6/27/2013,,,0,
6/26/2013,12.99,12.91,142.62,6/26/2013,,,0,
6/25/2013,12.93,12.85,141.57,6/25/2013,,,0,
6/24/2013,12.9,12.82,141.25,6/24/2013,,,0,
6/21/2013,12.97,12.88,142.2,6/21/2013,,,0,
6/20/2013,12.91,12.82,141.5,6/20/2013,,,0,
6/19/2013,13.11,13.03,145.24,6/19/2013,,,0,
6/18/2013,13.21,13.12,145.69,6/18/2013,,,0,
6/17/2013,13.18,13.09,145.55,6/17/2013,,,0,
6/14/2013,13.11,13.03,144.62,6/14/2013,,,0,
6/13/2013,13.12,13.04,144.36,6/13/2013,,,0,
6/12/2013,13.06,12.98,144.24,6/12/2013,,,0,
6/11/2013,13.1,13.01,144.45,6/11/2013,,,0,
6/10/2013,13.14,13.06,144.81,6/10/2013,,,0,
6/07/2013,13.13,13.05,144.57,6/07/2013,,,0,
6/06/2013,13.01,12.93,143.11,6/06/2013,,,0,
6/05/2013,12.94,12.86,142.42,6/05/2013,,,0,
6/04/2013,13.07,12.99,144.07,6/04/2013,,,0,
5/31/2013,13.05,12.97,143.88,5/31/2013,,,0,
5/30/2013,13.18,13.1,145.46,5/30/2013,,,0,
5/29/2013,13.17,13.09,145.67,5/29/2013,,,0,
5/28/2013,13.27,13.19,146.58,5/28/2013,,,0,
5/27/2013,13.24,13.15,146.47,5/27/2013,,,0,
5/24/2013,13.24,13.15,146.47,5/24/2013,,,0,
5/23/2013,13.26,13.18,146.45,5/23/2013,,,0,
5/22/2013,13.33,13.24,147.56,5/22/2013,,,0,
5/21/2013,13.36,13.28,147.97,5/21/2013,,,0,
5/20/2013,13.33,13.25,147.63,5/20/2013,,,0,
5/17/2013,13.37,13.29,148.06,5/17/2013,,,0,
5/16/2013,13.34,13.26,148.01,5/16/2013,,,0,
5/15/2013,13.45,13.36,149.02,5/15/2013,,,0,
5/14/2013,13.37,13.29,147.96,5/14/2013,,,0,
5/13/2013,13.28,13.2,146.94,5/13/2013,,,0,
5/10/2013,13.28,13.2,146.71,5/10/2013,,,0,
5/09/2013,13.23,13.15,146.5,5/09/2013,,,0,
5/08/2013,13.28,13.2,147.07,5/08/2013,,,0,
5/07/2013,13.22,13.14,146.22,5/07/2013,,,0,
5/03/2013,13.22,13.14,145.91,5/03/2013,,,0,
5/02/2013,13.14,13.06,145.19,5/02/2013,,,0,
5/01/2013,13.08,13,144.57,5/01/2013,,,0,
4/30/2013,13.13,13.05,145.13,4/30/2013,,,0,
4/29/2013,13.11,13.03,144.87,4/29/2013,,,0,
4/26/2013,13.07,12.99,144.44,4/26/2013,,,0,
4/25/2013,13.08,13,144.45,4/25/2013,,,0,
4/24/2013,13.06,12.98,144.21,4/24/2013,,,0,
4/23/2013,13.14,13.07,145.18,4/23/2013,,,0,
4/22/2013,13.07,13,144.27,4/22/2013,,,0,
4/19/2013,13.06,12.98,144.07,4/19/2013,,,0,
4/18/2013,12.97,12.89,143.16,4/18/2013,,,0,
4/17/2013,13.01,12.94,143.89,4/17/2013,,,0,
4/16/2013,13.07,13,144.29,4/16/2013,,,0,
4/15/2013,12.94,12.86,143,4/15/2013,,,0,
4/12/2013,13.06,12.98,144.35,4/12/2013,,,0,
4/11/2013,13.08,13,144.63,4/11/2013,,,0,
4/10/2013,13.04,12.97,144.05,4/10/2013,,,0,
4/09/2013,12.96,12.89,143.05,4/09/2013,,,0,
4/08/2013,12.96,12.88,143.01,4/08/2013,,,0,
4/05/2013,12.9,12.82,142.24,4/05/2013,,,0,
4/04/2013,12.94,12.86,142.54,4/04/2013,,,0,
4/03/2013,12.88,12.81,142.36,4/03/2013,,,0,
4/02/2013,12.9,12.82,142.31,4/02/2013,,,0,
3/28/2013,12.91,12.83,142.47,3/28/2013,,,0,
3/27/2013,12.83,12.75,141.52,3/27/2013,,,0,
3/26/2013,12.83,12.76,141.6,3/26/2013,,,0,
3/25/2013,12.75,12.68,140.76,3/25/2013,,,0,
3/22/2013,12.77,12.7,140.9,3/22/2013,,,0,
3/21/2013,12.71,12.64,140.4,3/21/2013,,,0,
3/20/2013,12.76,12.68,140.74,3/20/2013,,,0,
3/19/2013,12.7,12.63,140.23,3/19/2013,,,0,
3/18/2013,12.7,12.62,140.81,3/18/2013,,,0,
3/15/2013,12.75,12.67,140.81,3/15/2013,,,0,
3/14/2013,12.76,12.69,140.73,3/14/2013,,,0,
3/13/2013,12.7,12.63,140.08,3/13/2013,,,0,
3/12/2013,12.69,12.61,140.05,3/12/2013,,,0,
3/11/2013,12.71,12.64,140.24,3/11/2013,,,0,
3/08/2013,12.68,12.61,139.84,3/08/2013,,,0,
3/07/2013,12.66,12.59,139.75,3/07/2013,,,0,
3/06/2013,12.63,12.56,139.42,3/06/2013,,,0,
3/05/2013,12.61,12.54,139.07,3/05/2013,,,0,
3/04/2013,12.52,12.45,138.27,3/04/2013,,,0,
3/01/2013,12.48,12.41,137.67,3/01/2013,,,0,
2/28/2013,12.43,12.36,137.39,2/28/2013,,,0,
2/27/2013,12.42,12.35,136.99,2/27/2013,,,0,
2/26/2013,12.33,12.26,136.1,2/26/2013,,,0,
2/25/2013,12.31,12.25,135.93,2/25/2013,,,0,
2/22/2013,12.42,12.35,136.99,2/22/2013,,,0,
2/21/2013,12.36,12.29,136.49,2/21/2013,,,0,
2/20/2013,12.42,12.35,137.21,2/20/2013,,,0,
2/19/2013,12.46,12.39,137.53,2/19/2013,,,0,
2/18/2013,12.39,12.33,136.72,2/18/2013,,,0,
2/15/2013,12.39,12.33,136.72,2/15/2013,,,0,
2/14/2013,12.39,12.32,136.86,2/14/2013,,,0,
2/13/2013,12.38,12.32,136.73,2/13/2013,,,0,
2/12/2013,12.39,12.33,137.11,2/12/2013,,,0,
2/11/2013,12.37,12.3,136.56,2/11/2013,,,0,
2/08/2013,12.4,12.33,137.07,2/08/2013,,,0,
2/07/2013,12.36,12.3,136.77,2/07/2013,,,0,
2/06/2013,12.37,12.3,136.79,2/06/2013,,,0,
2/05/2013,12.32,12.25,135.97,2/05/2013,,,0,
2/04/2013,12.27,12.2,135.68,2/04/2013,,,0,
2/01/2013,12.34,12.28,136.51,2/01/2013,,,0,
1/31/2013,12.29,12.22,136.01,1/31/2013,,,0,
1/30/2013,12.3,12.24,136.22,1/30/2013,,,0,
1/29/2013,12.31,12.24,136.17,1/29/2013,,,0,
1/28/2013,12.28,12.21,135.97,1/28/2013,,,0,
1/25/2013,12.32,12.26,136.29,1/25/2013,,,0,
1/24/2013,12.25,12.18,135.5,1/24/2013,,,0,
1/23/2013,12.23,12.16,135.34,1/23/2013,,,0,
1/22/2013,12.21,12.15,135.3,1/22/2013,,,0,
1/21/2013,12.2,12.13,135.03,1/21/2013,,,0,
1/18/2013,12.2,12.13,135.03,1/18/2013,,,0,
1/17/2013,12.2,12.14,134.99,1/17/2013,,,0,
1/16/2013,12.16,12.09,134.6,1/16/2013,,,0,
1/15/2013,12.15,12.09,134.69,1/15/2013,,,0,
1/14/2013,12.12,12.05,134.16,1/14/2013,,,0,
1/11/2013,12.1,12.03,134.04,1/11/2013,,,0,
1/10/2013,12.09,12.03,133.84,1/10/2013,,,0,
1/09/2013,12.04,11.98,133.31,1/09/2013,,,0,
1/08/2013,12.01,11.95,133.17,1/08/2013,,,0,
1/07/2013,11.99,11.93,132.85,1/07/2013,,,0,
1/04/2013,11.98,11.91,132.63,1/04/2013,,,0,
1/03/2013,11.95,11.89,132.36,1/03/2013,,,0,
1/02/2013,11.97,11.91,132.4,1/02/2013,,,0,
12/31/2012,11.82,11.76,131.07,12/31/2012,,,0,
12/28/2012,11.73,11.67,130.29,12/28/2012,,,0,
12/27/2012,11.82,11.75,131.9,12/27/2012,,,0,
12/24/2012,11.9,11.84,131.9,12/24/2012,,,0,
12/21/2012,11.95,11.89,132.44,12/21/2012,,,0,
12/20/2012,12.01,11.95,133.18,12/20/2012,,,0,
12/19/2012,11.98,11.92,133.09,12/19/2012,,,0,
12/18/2012,12.01,11.95,133.22,12/18/2012,,,0,
12/17/2012,11.95,11.89,132.62,12/17/2012,,,0,
12/14/2012,11.89,11.83,131.96,12/14/2012,,,0,
12/13/2012,11.98,11.9,132.24,12/13/2012,,,0,
12/12/2012,12.08,12,133.29,12/12/2012,,,0,
12/11/2012,12.13,12.05,133.92,12/11/2012,,,0,
12/10/2012,12.07,11.99,133.24,12/10/2012,,,0,
12/07/2012,12.05,11.97,133.08,12/07/2012,,,0,
12/06/2012,12.05,11.97,133.08,12/06/2012,,,0,
12/05/2012,12.04,11.96,132.94,12/05/2012,,,0,
12/04/2012,12.04,11.96,132.98,12/04/2012,,,0,
12/03/2012,12.01,11.92,132.55,12/03/2012,,,0,
11/30/2012,12.03,11.94,132.7,11/30/2012,,,0,
11/29/2012,12.01,11.93,132.56,11/29/2012,,,0,
11/28/2012,11.98,11.9,132.17,11/28/2012,,,0,
11/27/2012,11.92,11.84,131.7,11/27/2012,,,0,
11/26/2012,11.91,11.83,131.5,11/26/2012,,,0,
11/23/2012,11.93,11.85,131.67,11/23/2012,,,0,
11/22/2012,11.84,11.76,130.71,11/22/2012,,,0,
11/21/2012,11.84,11.76,130.71,11/21/2012,,,0,
11/20/2012,11.83,11.75,130.59,11/20/2012,,,0,
11/19/2012,11.83,11.76,130.68,11/19/2012,,,0,
11/16/2012,11.71,11.64,129.27,11/16/2012,,,0,
11/15/2012,11.69,11.62,129.23,11/15/2012,,,0,
11/14/2012,11.72,11.65,129.7,11/14/2012,,,0,
11/13/2012,11.8,11.72,130.44,11/13/2012,,,0,
11/12/2012,11.81,11.73,130.7,11/12/2012,,,0,
11/09/2012,11.82,11.74,130.7,11/09/2012,,,0,
11/08/2012,11.78,11.7,130.27,11/08/2012,,,0,
11/07/2012,11.85,11.77,131.17,11/07/2012,,,0,
11/06/2012,11.99,11.91,132.46,11/06/2012,,,0,
11/05/2012,11.95,11.87,132.12,11/05/2012,,,0,
11/02/2012,11.94,11.86,132.16,11/02/2012,,,0,
11/01/2012,12.01,11.93,132.74,11/01/2012,,,0,
10/31/2012,11.93,11.85,131.92,10/31/2012,,,0,
10/30/2012,11.95,11.88,132.14,10/30/2012,,,0,
10/29/2012,11.95,11.88,132.22,10/29/2012,,,0,
10/26/2012,11.95,11.88,132.22,10/26/2012,,,0,
10/25/2012,11.97,11.9,132.52,10/25/2012,,,0,
10/24/2012,11.92,11.84,131.91,10/24/2012,,,0,
10/23/2012,11.91,11.83,131.91,10/23/2012,,,0,
10/22/2012,12,11.92,132.76,10/22/2012,,,0,
10/19/2012,11.99,11.92,132.97,10/19/2012,,,0,
10/18/2012,12.1,12.03,134.12,10/18/2012,,,0,
10/17/2012,12.15,12.07,134.52,10/17/2012,,,0,
10/16/2012,12.14,12.06,134.26,10/16/2012,,,0,
10/15/2012,12.06,11.99,133.4,10/15/2012,,,0,
10/12/2012,12.02,11.94,133.11,10/12/2012,,,0,
10/11/2012,12.02,11.94,133.03,10/11/2012,,,0,
10/10/2012,12.02,11.95,133.14,10/10/2012,,,0,
10/09/2012,12.09,12.01,134.06,10/09/2012,,,0,
10/08/2012,12.19,12.12,135.33,10/08/2012,,,0,
10/05/2012,12.21,12.13,135.33,10/05/2012,,,0,
10/04/2012,12.22,12.14,135.28,10/04/2012,,,0,
10/03/2012,12.15,12.07,134.48,10/03/2012,,,0,
10/02/2012,12.15,12.08,134.72,10/02/2012,,,0,
10/01/2012,12.16,12.09,134.79,10/01/2012,,,0,
9/28/2012,12.15,12.08,134.78,9/28/2012,,,0,
9/27/2012,12.21,12.14,135.23,9/27/2012,,,0,
9/26/2012,12.12,12.05,134.37,9/26/2012,,,0,
9/25/2012,12.17,12.09,135.06,9/25/2012,,,0,
9/24/2012,12.18,12.1,134.95,9/24/2012,,,0,
9/21/2012,12.17,12.09,134.91,9/21/2012,,,0,
9/20/2012,12.13,12.05,134.34,9/20/2012,,,0,
9/19/2012,12.11,12.03,134.31,9/19/2012,,,0,
9/18/2012,12.1,12.02,134.13,9/18/2012,,,0,
9/17/2012,12.11,12.04,134.21,9/17/2012,,,0,
9/14/2012,12.12,12.04,134.31,9/14/2012,,,0,
9/13/2012,12.17,12.09,134.71,9/13/2012,,,0,
9/12/2012,12.08,12,133.89,9/12/2012,,,0,
9/11/2012,12.03,11.95,133.31,9/11/2012,,,0,
9/10/2012,11.99,11.92,133.01,9/10/2012,,,0,
9/07/2012,12.04,11.97,133.6,9/07/2012,,,0,
9/06/2012,12.05,11.98,133.4,9/06/2012,,,0,
9/05/2012,11.91,11.84,132.08,9/05/2012,,,0,
9/04/2012,11.87,11.8,131.98,9/04/2012,,,0,
9/03/2012,11.91,11.83,132.27,9/03/2012,,,0,
8/31/2012,11.91,11.83,132.27,8/31/2012,,,0,
8/30/2012,11.86,11.79,131.91,8/30/2012,,,0,
8/29/2012,11.93,11.86,132.53,8/29/2012,,,0,
8/28/2012,11.9,11.83,132.28,8/28/2012,,,0,
8/27/2012,11.9,11.83,132,8/27/2012,,,0,
8/24/2012,11.92,11.85,132.16,8/24/2012,,,0,
8/23/2012,11.88,11.8,131.71,8/23/2012,,,0,
8/22/2012,11.92,11.84,131.91,8/22/2012,,,0,
8/21/2012,11.92,11.85,132.07,8/21/2012,,,0,
8/20/2012,11.9,11.82,131.81,8/20/2012,,,0,
8/17/2012,11.89,11.82,131.77,8/17/2012,,,0,
8/16/2012,11.9,11.82,131.86,8/16/2012,,,0,
8/15/2012,11.89,11.82,131.79,8/15/2012,,,0,
8/14/2012,11.87,11.79,131.53,8/14/2012,,,0,
8/13/2012,11.87,11.8,131.6,8/13/2012,,,0,
8/10/2012,11.86,11.79,131.53,8/10/2012,,,0,
8/09/2012,11.84,11.77,131.32,8/09/2012,,,0,
8/08/2012,11.85,11.78,131.4,8/08/2012,,,0,
8/07/2012,11.83,11.76,131.15,8/07/2012,,,0,
8/06/2012,11.79,11.72,130.42,8/06/2012,,,0,
8/03/2012,11.77,11.7,130.42,8/03/2012,,,0,
8/02/2012,11.67,11.6,129.47,8/02/2012,,,0,
8/01/2012,11.72,11.65,130.07,8/01/2012,,,0,
7/31/2012,11.71,11.64,129.95,7/31/2012,,,0,
7/30/2012,11.74,11.67,130.26,7/30/2012,,,0,
7/27/2012,11.75,11.68,130.18,7/27/2012,,,0,
7/26/2012,11.65,11.58,129.08,7/26/2012,,,0,
7/25/2012,11.58,11.51,128.28,7/25/2012,,,0,
7/24/2012,11.51,11.44,127.63,7/24/2012,,,0,
7/23/2012,11.56,11.49,128.12,7/23/2012,,,0,
7/20/2012,11.66,11.59,129.39,7/20/2012,,,0,
7/19/2012,11.75,11.68,130.43,7/19/2012,,,0,
7/18/2012,11.74,11.67,130.22,7/18/2012,,,0,
7/17/2012,11.65,11.58,129.23,7/17/2012,,,0,
7/16/2012,11.56,11.49,128.19,7/16/2012,,,0,
7/13/2012,11.58,11.51,128.32,7/13/2012,,,0,
7/12/2012,11.49,11.43,127.41,7/12/2012,,,0,
7/11/2012,11.54,11.48,127.96,7/11/2012,,,0,
7/10/2012,11.54,11.47,127.96,7/10/2012,,,0,
7/09/2012,11.55,11.48,128.06,7/09/2012,,,0,
7/06/2012,11.55,11.49,128.16,7/06/2012,,,0,
7/05/2012,11.64,11.57,129.05,7/05/2012,,,0,
7/04/2012,11.7,11.63,129.73,7/04/2012,,,0,
7/03/2012,11.7,11.63,129.73,7/03/2012,,,0,
7/02/2012,11.67,11.6,129.49,7/02/2012,,,0,
6/29/2012,11.66,11.59,129.32,6/29/2012,,,0,
6/28/2012,11.46,11.39,127.07,6/28/2012,,,0,
6/27/2012,11.45,11.39,127.07,6/27/2012,,,0,
6/26/2012,11.39,11.32,127.07,6/26/2012,,,0,
6/25/2012,11.33,11.26,127.07,6/25/2012,,,0,
6/22/2012,11.45,11.39,127.07,6/22/2012,,,0,
6/21/2012,11.43,11.36,126.84,6/21/2012,,,0,
6/20/2012,11.55,11.48,126.84,6/20/2012,,,0,
6/19/2012,11.53,11.46,126.84,6/19/2012,,,0,
6/18/2012,11.46,11.4,126.84,6/18/2012,,,0,
6/15/2012,11.43,11.36,126.84,6/15/2012,,,0,
6/14/2012,11.35,11.28,126.14,6/14/2012,,,0,
6/13/2012,11.29,11.23,126.14,6/13/2012,,,0,
6/12/2012,11.34,11.27,126.14,6/12/2012,,,0,
6/11/2012,11.26,11.2,126.14,6/11/2012,,,0,
6/08/2012,11.37,11.31,126.14,6/08/2012,,,0,
6/07/2012,11.32,11.26,124.26,6/07/2012,,,0,
6/06/2012,11.35,11.29,124.26,6/06/2012,,,0,
6/05/2012,11.22,11.16,124.26,6/05/2012,,,0,
6/01/2012,11.18,11.12,124.26,6/01/2012,,,0,
5/31/2012,11.34,11.28,125.98,5/31/2012,,,0,
5/30/2012,11.35,11.29,126.19,5/30/2012,,,0,
5/29/2012,11.42,11.36,126.19,5/29/2012,,,0,
5/28/2012,11.36,11.29,126.19,5/28/2012,,,0,
5/25/2012,11.36,11.29,126.19,5/25/2012,,,0,
5/24/2012,11.32,11.26,124.64,5/24/2012,,,0,
5/23/2012,11.29,11.23,124.64,5/23/2012,,,0,
5/22/2012,11.31,11.25,124.64,5/22/2012,,,0,
5/21/2012,11.31,11.25,124.64,5/21/2012,,,0,
5/18/2012,11.23,11.17,124.64,5/18/2012,,,0,
5/17/2012,11.28,11.22,128.58,5/17/2012,,,0,
5/16/2012,11.4,11.34,128.58,5/16/2012,,,0,
5/15/2012,11.42,11.36,128.58,5/15/2012,,,0,
5/14/2012,11.43,11.37,128.58,5/14/2012,,,0,
5/11/2012,11.49,11.43,128.58,5/11/2012,,,0,
5/10/2012,11.5,11.44,129.68,5/10/2012,,,0,
5/09/2012,11.5,11.44,129.68,5/09/2012,,,0,
5/08/2012,11.53,11.47,129.68,5/08/2012,,,0,
5/04/2012,11.55,11.49,129.68,5/04/2012,,,0,
5/03/2012,11.64,11.58,131.15,5/03/2012,,,0,
5/02/2012,11.69,11.63,131.15,5/02/2012,,,0,
5/01/2012,11.67,11.61,131.15,5/01/2012,,,0,
4/30/2012,11.66,11.6,131.15,4/30/2012,,,0,
4/27/2012,11.67,11.61,131.25,4/27/2012,,,0,
4/26/2012,11.67,11.61,129.75,4/26/2012,,,0,
4/25/2012,11.58,11.52,129.75,4/25/2012,,,0,
4/24/2012,11.5,11.44,129.75,4/24/2012,,,0,
4/23/2012,11.51,11.45,129.75,4/23/2012,,,0,
4/20/2012,11.57,11.51,129.75,4/20/2012,,,0,
4/19/2012,11.56,11.5,129.37,4/19/2012,,,0,
4/18/2012,11.61,11.55,129.37,4/18/2012,,,0,
4/17/2012,11.63,11.57,129.37,4/17/2012,,,0,
4/16/2012,11.54,11.48,129.37,4/16/2012,,,0,
4/13/2012,11.54,11.48,129.37,4/13/2012,,,0,
4/12/2012,11.6,11.54,130.99,4/12/2012,,,0,
4/11/2012,11.54,11.48,130.99,4/11/2012,,,0,
4/10/2012,11.5,11.44,130.99,4/10/2012,,,0,
4/05/2012,11.66,11.6,130.99,4/05/2012,,,0,
4/04/2012,11.66,11.6,132.07,4/04/2012,,,0,
4/03/2012,11.73,11.67,132.07,4/03/2012,,,0,
4/02/2012,11.78,11.72,132.07,4/02/2012,,,0,
3/30/2012,11.73,11.67,132.07,3/30/2012,,,0,
3/29/2012,11.72,11.66,130.74,3/29/2012,,,0,
3/28/2012,11.7,11.64,130.74,3/28/2012,,,0,
3/27/2012,11.73,11.67,130.74,3/27/2012,,,0,
3/26/2012,11.73,11.67,130.74,3/26/2012,,,0,
3/23/2012,11.64,11.58,130.74,3/23/2012,,,0,
3/22/2012,11.62,11.56,129.96,3/22/2012,,,0,
3/21/2012,11.61,11.55,129.96,3/21/2012,,,0,
3/20/2012,11.59,11.53,129.96,3/20/2012,,,0,
3/19/2012,11.61,11.56,129.96,3/19/2012,,,0,
3/16/2012,11.58,11.52,129.96,3/16/2012,,,0,
3/15/2012,11.6,11.54,129.43,3/15/2012,,,0,
3/14/2012,11.55,11.5,129.43,3/14/2012,,,0,
3/13/2012,11.6,11.55,129.43,3/13/2012,,,0,
3/12/2012,11.52,11.46,129.43,3/12/2012,,,0,
3/09/2012,11.54,11.48,129.43,3/09/2012,,,0,
3/08/2012,11.5,11.45,128.98,3/08/2012,,,0,
3/07/2012,11.43,11.37,128.98,3/07/2012,,,0,
3/06/2012,11.39,11.33,128.98,3/06/2012,,,0,
3/05/2012,11.47,11.41,128.98,3/05/2012,,,0,
3/02/2012,11.49,11.43,128.98,3/02/2012,,,0,
3/01/2012,11.5,11.45,128.79,3/01/2012,,,0,
2/29/2012,11.46,11.41,128.79,2/29/2012,,,0,
2/28/2012,11.55,11.49,128.68,2/28/2012,,,0,
2/27/2012,11.47,11.42,128.68,2/27/2012,,,0,
2/24/2012,11.46,11.41,128.68,2/24/2012,,,0,
2/23/2012,11.47,11.41,129.27,2/23/2012,,,0,
2/22/2012,11.43,11.38,129.27,2/22/2012,,,0,
2/21/2012,11.43,11.37,129.27,2/21/2012,,,0,
2/20/2012,11.52,11.46,129.27,2/20/2012,,,0,
2/17/2012,11.52,11.46,129.27,2/17/2012,,,0,
2/16/2012,11.54,11.48,128.41,2/16/2012,,,0,
2/15/2012,11.47,11.41,128.41,2/15/2012,,,0,
2/14/2012,11.48,11.43,128.41,2/14/2012,,,0,
2/13/2012,11.47,11.42,128.41,2/13/2012,,,0,
2/10/2012,11.42,11.36,128.41,2/10/2012,,,0,
2/09/2012,11.51,11.46,129.44,2/09/2012,,,0,
2/08/2012,11.48,11.43,129.44,2/08/2012,,,0,
2/07/2012,11.47,11.42,129.44,2/07/2012,,,0,
2/06/2012,11.47,11.42,129.44,2/06/2012,,,0,
2/03/2012,11.51,11.46,129.44,2/03/2012,,,0,
2/02/2012,11.4,11.35,126.8,2/02/2012,,,0,
2/01/2012,11.39,11.34,126.8,2/01/2012,,,0,
1/31/2012,11.29,11.24,126.8,1/31/2012,,,0,
1/30/2012,11.27,11.21,126.68,1/30/2012,,,0,
1/27/2012,11.28,11.23,126.68,1/27/2012,,,0,
1/26/2012,11.24,11.19,125.62,1/26/2012,,,0,
1/25/2012,11.28,11.23,125.62,1/25/2012,,,0,
1/24/2012,11.2,11.15,125.62,1/24/2012,,,0,
1/23/2012,11.15,11.1,125.62,1/23/2012,,,0,
1/20/2012,11.18,11.13,125.62,1/20/2012,,,0,
1/19/2012,11.18,11.13,122.95,1/19/2012,,,0,
1/18/2012,11.13,11.08,122.95,1/18/2012,,,0,
1/17/2012,10.97,10.93,122.95,1/17/2012,,,0,
1/16/2012,10.93,10.88,122.95,1/16/2012,,,0,
1/13/2012,10.93,10.88,122.95,1/13/2012,,,0,
1/12/2012,10.99,10.94,121.93,1/12/2012,,,0,
1/11/2012,10.95,10.9,121.93,1/11/2012,,,0,
1/10/2012,10.97,10.93,121.93,1/10/2012,,,0,
1/09/2012,10.88,10.84,121.93,1/09/2012,,,0,
1/06/2012,10.84,10.8,121.93,1/06/2012,,,0,
1/05/2012,10.87,10.83,121.47,1/05/2012,,,0,
1/04/2012,10.85,10.81,121.47,1/04/2012,,,0,
1/03/2012,10.87,10.82,121.47,1/03/2012,,,0,
12/30/2011,10.8,10.76,121.47,12/30/2011,,,0,
12/29/2011,10.81,10.77,121.33,12/29/2011,,,0,
12/28/2011,10.73,10.69,121.33,12/28/2011,,,0,
12/23/2011,10.81,10.76,121.33,12/23/2011,,,0,
12/22/2011,10.73,10.68,118.47,12/22/2011,,,0,
12/21/2011,10.66,10.62,118.47,12/21/2011,,,0,
12/20/2011,10.71,10.67,118.47,12/20/2011,,,0,
12/19/2011,10.45,10.4,118.47,12/19/2011,,,0,
12/16/2011,10.56,10.51,118.47,12/16/2011,,,0,
12/15/2011,10.55,10.5,121.11,12/15/2011,,,0,
12/14/2011,10.51,10.47,121.11,12/14/2011,,,0,
12/13/2011,10.6,10.55,121.11,12/13/2011,,,0,
12/12/2011,10.68,10.63,121.11,12/12/2011,,,0,
12/09/2011,10.79,10.74,121.11,12/09/2011,,,0,
12/08/2011,10.64,10.6,120.27,12/08/2011,,,0,
12/07/2011,10.83,10.78,120.27,12/07/2011,,,0,
12/06/2011,10.82,10.77,120.27,12/06/2011,,,0,
12/05/2011,10.83,10.78,120.27,12/05/2011,,,0,
12/02/2011,10.71,10.67,120.27,12/02/2011,,,0,
12/01/2011,10.73,10.68,120.4,12/01/2011,,,0,
11/30/2011,10.74,10.69,120.4,11/30/2011,,,0,
11/29/2011,10.38,10.33,113.71,11/29/2011,,,0,
11/28/2011,10.36,10.32,113.71,11/28/2011,,,0,
11/25/2011,10.11,10.06,113.71,11/25/2011,,,0,
11/24/2011,10.14,10.1,117.76,11/24/2011,,,0,
11/23/2011,10.14,10.1,117.76,11/23/2011,,,0,
11/22/2011,10.29,10.26,117.76,11/22/2011,,,0,
11/21/2011,10.32,10.29,117.76,11/21/2011,,,0,
11/18/2011,10.44,10.4,117.76,11/18/2011,,,0,
11/17/2011,10.45,10.42,119.37,11/17/2011,,,0,
11/16/2011,10.55,10.52,119.37,11/16/2011,,,0,
11/15/2011,10.66,10.63,119.37,11/15/2011,,,0,
11/14/2011,10.63,10.6,119.37,11/14/2011,,,0,
11/11/2011,10.68,10.64,119.37,11/11/2011,,,0,
11/10/2011,10.55,10.52,119.37,11/10/2011,,,0,
11/09/2011,10.52,10.49,120.72,11/09/2011,,,0,
11/08/2011,10.73,10.69,120.72,11/08/2011,,,0,
11/07/2011,10.66,10.63,120.72,11/07/2011,,,0,
11/04/2011,10.63,10.6,120.72,11/04/2011,,,0,
11/03/2011,10.66,10.62,122.94,11/03/2011,,,0,
11/02/2011,10.53,10.5,122.94,11/02/2011,,,0,
11/01/2011,10.5,10.47,122.94,11/01/2011,,,0,
10/31/2011,10.64,10.61,122.94,10/31/2011,,,0,
10/28/2011,10.75,10.72,122.94,10/28/2011,,,0,
10/27/2011,10.76,10.73,120.98,10/27/2011,,,0,
10/26/2011,10.64,10.61,120.98,10/26/2011,,,0,
10/25/2011,10.62,10.59,120.98,10/25/2011,,,0,
10/24/2011,10.7,10.67,120.98,10/24/2011,,,0,
10/21/2011,10.63,10.61,120.98,10/21/2011,,,0,
10/20/2011,10.53,10.5,120.14,10/20/2011,,,0,
10/19/2011,10.54,10.51,120.14,10/19/2011,,,0,
10/18/2011,10.57,10.54,120.14,10/18/2011,,,0,
10/17/2011,10.49,10.46,120.14,10/17/2011,,,0,
10/14/2011,10.6,10.57,120.14,10/14/2011,,,0,
10/13/2011,10.57,10.54,117.89,10/13/2011,,,0,
10/12/2011,10.55,10.52,117.89,10/12/2011,,,0,
10/11/2011,10.53,10.5,117.89,10/11/2011,,,0,
10/10/2011,10.54,10.52,117.89,10/10/2011,,,0,
10/07/2011,10.35,10.32,117.89,10/07/2011,,,0,
10/06/2011,10.38,10.35,115.99,10/06/2011,,,0,
10/05/2011,10.26,10.24,115.99,10/05/2011,,,0,
10/04/2011,10.15,10.12,115.99,10/04/2011,,,0,
10/03/2011,9.99,9.96,115.99,10/03/2011,,,0,
9/30/2011,10.16,10.13,115.99,9/30/2011,,,0,
9/29/2011,10.27,10.24,115.06,9/29/2011,,,0,
9/28/2011,10.25,10.23,115.06,9/28/2011,,,0,
9/27/2011,10.36,10.33,115.06,9/27/2011,,,0,
9/26/2011,10.25,10.22,115.06,9/26/2011,,,0,
9/23/2011,10.13,10.1,115.06,9/23/2011,,,0,
9/22/2011,10.07,10.04,116.92,9/22/2011,,,0,
9/21/2011,10.13,10.1,116.92,9/21/2011,,,0,
9/20/2011,10.2,10.18,116.92,9/20/2011,,,0,
9/19/2011,10.16,10.14,116.92,9/19/2011,,,0,
9/16/2011,10.21,10.18,116.92,9/16/2011,,,0,
9/15/2011,10.2,10.18,114.71,9/15/2011,,,0,
9/14/2011,10.16,10.13,114.71,9/14/2011,,,0,
9/13/2011,10.12,10.09,114.71,9/13/2011,,,0,
9/12/2011,10.07,10.05,114.71,9/12/2011,,,0,
9/09/2011,10.07,10.04,114.71,9/09/2011,,,0,
9/08/2011,10.18,10.15,116.25,9/08/2011,,,0,
9/07/2011,10.2,10.18,116.25,9/07/2011,,,0,
9/06/2011,10.1,10.08,116.25,9/06/2011,,,0,
9/05/2011,10.12,10.1,116.25,9/05/2011,,,0,
9/02/2011,10.12,10.1,116.25,9/02/2011,,,0,
9/01/2011,10.2,10.18,117.76,9/01/2011,,,0,
8/31/2011,10.24,10.21,117.76,8/31/2011,,,0,
8/30/2011,10.18,10.16,115.38,8/30/2011,,,0,
8/29/2011,10.18,10.16,115.38,8/29/2011,,,0,
8/26/2011,10.09,10.07,115.38,8/26/2011,,,0,
8/25/2011,10.03,10,114.3,8/25/2011,,,0,
8/24/2011,10.12,10.1,114.3,8/24/2011,,,0,
8/23/2011,10.13,10.11,114.3,8/23/2011,,,0,
8/22/2011,10.02,9.99,114.3,8/22/2011,,,0,
8/19/2011,9.99,9.97,114.3,8/19/2011,,,0,
8/18/2011,10.03,10.01,116.36,8/18/2011,,,0,
8/17/2011,10.14,10.12,116.36,8/17/2011,,,0,
8/16/2011,10.14,10.12,116.36,8/16/2011,,,0,
8/15/2011,10.16,10.14,116.36,8/15/2011,,,0,
8/12/2011,10.1,10.08,116.36,8/12/2011,,,0,
8/11/2011,10.05,10.03,116.55,8/11/2011,,,0,
8/10/2011,9.92,9.9,116.55,8/10/2011,,,0,
8/09/2011,10.06,10.03,116.55,8/09/2011,,,0,
8/08/2011,9.89,9.87,116.55,8/08/2011,,,0,
8/05/2011,10.1,10.07,116.55,8/05/2011,,,0,
8/04/2011,10.06,10.04,122.54,8/04/2011,,,0,
8/03/2011,10.28,10.25,122.54,8/03/2011,,,0,
8/02/2011,10.27,10.25,122.54,8/02/2011,,,0,
8/01/2011,10.36,10.33,122.54,8/01/2011,,,0,
7/29/2011,10.41,10.38,122.54,7/29/2011,,,0,
7/28/2011,10.41,10.39,124.89,7/28/2011,,,0,
7/27/2011,10.41,10.39,124.89,7/27/2011,,,0,
7/26/2011,10.48,10.45,124.89,7/26/2011,,,0,
7/25/2011,10.5,10.48,124.89,7/25/2011,,,0,
7/22/2011,10.54,10.51,124.89,7/22/2011,,,0,
7/21/2011,10.56,10.54,123.82,7/21/2011,,,0,
7/20/2011,10.52,10.49,123.82,7/20/2011,,,0,
7/19/2011,10.52,10.5,123.82,7/19/2011,,,0,
7/18/2011,10.45,10.43,123.82,7/18/2011,,,0,
7/15/2011,10.49,10.47,123.82,7/15/2011,,,0,
7/14/2011,10.48,10.46,124.43,7/14/2011,,,0,
7/13/2011,10.5,10.48,124.43,7/13/2011,,,0,
7/12/2011,10.47,10.45,124.43,7/12/2011,,,0,
7/11/2011,10.45,10.43,124.43,7/11/2011,,,0,
7/08/2011,10.51,10.49,124.43,7/08/2011,,,0,
7/07/2011,10.53,10.51,123.9,7/07/2011,,,0,
7/06/2011,10.51,10.49,123.9,7/06/2011,,,0,
7/05/2011,10.49,10.47,123.9,7/05/2011,,,0,
7/04/2011,10.5,10.48,123.9,7/04/2011,,,0,
7/01/2011,10.5,10.48,123.9,7/01/2011,,,0,
6/30/2011,10.44,10.42,122.99,6/30/2011,,,0,
6/29/2011,10.4,10.38,120.56,6/29/2011,,,0,
6/28/2011,10.38,10.36,120.56,6/28/2011,,,0,
6/27/2011,10.33,10.31,120.56,6/27/2011,,,0,
6/24/2011,10.32,10.3,120.56,6/24/2011,,,0,
6/23/2011,10.35,10.33,120.32,6/23/2011,,,0,
6/22/2011,10.37,10.35,120.32,6/22/2011,,,0,
6/21/2011,10.39,10.37,120.32,6/21/2011,,,0,
6/20/2011,10.34,10.32,120.32,6/20/2011,,,0,
6/17/2011,10.3,10.28,120.32,6/17/2011,,,0,
6/16/2011,10.28,10.26,120.38,6/16/2011,,,0,
6/15/2011,10.27,10.25,120.38,6/15/2011,,,0,
6/14/2011,10.35,10.33,120.38,6/14/2011,,,0,
6/13/2011,10.3,10.28,120.38,6/13/2011,,,0,
6/10/2011,10.29,10.27,120.38,6/10/2011,,,0,
6/09/2011,10.34,10.32,121.25,6/09/2011,,,0,
6/08/2011,10.31,10.29,121.25,6/08/2011,,,0,
6/07/2011,10.31,10.29,121.25,6/07/2011,,,0,
6/03/2011,10.33,10.31,121.25,6/03/2011,,,0,
6/02/2011,10.36,10.34,123.18,6/02/2011,,,0,
6/01/2011,10.38,10.36,123.18,6/01/2011,,,0,
5/31/2011,10.45,10.44,123.18,5/31/2011,,,0,
5/30/2011,10.38,10.37,122.15,5/30/2011,,,0,
5/27/2011,10.38,10.37,122.15,5/27/2011,,,0,
5/26/2011,10.35,10.33,122.05,5/26/2011,,,0,
5/25/2011,10.3,10.29,122.05,5/25/2011,,,0,
5/24/2011,10.31,10.3,122.05,5/24/2011,,,0,
5/23/2011,10.31,10.29,122.05,5/23/2011,,,0,
5/20/2011,10.38,10.36,122.05,5/20/2011,,,0,
5/19/2011,10.41,10.39,122.09,5/19/2011,,,0,
5/18/2011,10.41,10.39,122.09,5/18/2011,,,0,
5/17/2011,10.37,10.36,122.09,5/17/2011,,,0,
5/16/2011,10.38,10.36,122.09,5/16/2011,,,0,
5/13/2011,10.39,10.38,122.09,5/13/2011,,,0,
5/12/2011,10.42,10.4,121.86,5/12/2011,,,0,
5/11/2011,10.39,10.38,121.86,5/11/2011,,,0,
5/10/2011,10.43,10.41,121.86,5/10/2011,,,0,
5/09/2011,10.41,10.39,121.86,5/09/2011,,,0,
5/06/2011,10.38,10.37,121.86,5/06/2011,,,0,
5/05/2011,10.36,10.34,121.96,5/05/2011,,,0,
5/04/2011,10.38,10.37,121.96,5/04/2011,,,0,
5/03/2011,10.4,10.38,121.96,5/03/2011,,,0,
4/29/2011,10.39,10.37,121.96,4/29/2011,,,0,
4/28/2011,10.38,10.36,120.16,4/28/2011,,,0,
4/27/2011,10.34,10.32,120.16,4/27/2011,,,0,
4/26/2011,10.32,10.3,120.16,4/26/2011,,,0,
4/21/2011,10.31,10.29,120.16,4/21/2011,,,0,
4/20/2011,10.27,10.25,118.06,4/20/2011,,,0,
4/19/2011,10.21,10.2,118.06,4/19/2011,,,0,
4/18/2011,10.2,10.18,118.06,4/18/2011,,,0,
4/15/2011,10.22,10.21,118.06,4/15/2011,,,0,
4/14/2011,10.2,10.19,116.59,4/14/2011,,,0,
4/13/2011,10.2,10.18,116.59,4/13/2011,,,0,
4/12/2011,10.18,10.16,116.59,4/12/2011,,,0,
4/11/2011,10.19,10.18,116.59,4/11/2011,,,0,
4/08/2011,10.18,10.16,116.59,4/08/2011,,,0,
4/07/2011,10.17,10.16,116.64,4/07/2011,,,0,
4/06/2011,10.19,10.17,116.64,4/06/2011,,,0,
4/05/2011,10.19,10.18,116.64,4/05/2011,,,0,
4/04/2011,10.21,10.2,116.64,4/04/2011,,,0,
4/01/2011,10.21,10.19,116.64,4/01/2011,,,0,
3/31/2011,10.2,10.19,117.04,3/31/2011,,,0,
3/30/2011,10.21,10.2,116.74,3/30/2011,,,0,
3/29/2011,10.19,10.17,116.74,3/29/2011,,,0,
3/28/2011,10.17,10.15,116.74,3/28/2011,,,0,
3/25/2011,10.18,10.16,116.74,3/25/2011,,,0,
3/24/2011,10.18,10.17,114.17,3/24/2011,,,0,
3/23/2011,10.15,10.14,114.17,3/23/2011,,,0,
3/22/2011,10.15,10.13,114.17,3/22/2011,,,0,
3/21/2011,10.17,10.15,114.17,3/21/2011,,,0,
3/18/2011,10.1,10.09,114.17,3/18/2011,,,0,
3/17/2011,10.06,10.05,117.11,3/17/2011,,,0,
3/16/2011,9.98,9.96,117.11,3/16/2011,,,0,
3/15/2011,10.02,10.01,117.11,3/15/2011,,,0,
3/14/2011,10.13,10.11,117.11,3/14/2011,,,0,
3/11/2011,10.18,10.17,117.11,3/11/2011,,,0,
3/10/2011,10.16,10.15,117.94,3/10/2011,,,0,
3/09/2011,10.22,10.2,117.94,3/09/2011,,,0,
3/08/2011,10.22,10.2,117.94,3/08/2011,,,0,
3/07/2011,10.19,10.17,117.94,3/07/2011,,,0,
3/04/2011,10.22,10.21,117.94,3/04/2011,,,0,
3/03/2011,10.24,10.23,117.76,3/03/2011,,,0,
3/02/2011,10.19,10.17,117.76,3/02/2011,,,0,
3/01/2011,10.19,10.17,117.76,3/01/2011,,,0,
2/28/2011,10.22,10.2,117.76,2/28/2011,,,0,
2/25/2011,10.2,10.19,117.48,2/25/2011,,,0,
2/24/2011,10.17,10.16,118.09,2/24/2011,,,0,
2/23/2011,10.17,10.15,118.09,2/23/2011,,,0,
2/22/2011,10.19,10.18,118.09,2/22/2011,,,0,
2/21/2011,10.24,10.23,118.09,2/21/2011,,,0,
2/18/2011,10.24,10.23,118.09,2/18/2011,,,0,
2/17/2011,10.23,10.22,116.6,2/17/2011,,,0,
2/16/2011,10.21,10.2,116.6,2/16/2011,,,0,
2/15/2011,10.2,10.18,116.6,2/15/2011,,,0,
2/14/2011,10.21,10.2,116.6,2/14/2011,,,0,
2/11/2011,10.18,10.17,116.6,2/11/2011,,,0,
2/10/2011,10.17,10.16,115.79,2/10/2011,,,0,
2/09/2011,10.17,10.16,115.79,2/09/2011,,,0,
2/08/2011,10.17,10.17,115.79,2/08/2011,,,0,
2/07/2011,10.15,10.15,115.79,2/07/2011,,,0,
2/04/2011,10.13,10.13,115.79,2/04/2011,,,0,
2/03/2011,10.1,10.1,114.17,2/03/2011,,,0,
2/02/2011,10.1,10.1,114.17,2/02/2011,,,0,
2/01/2011,10.1,10.1,114.17,2/01/2011,,,0,
1/31/2011,10.02,10.01,114.17,1/31/2011,,,0,
1/28/2011,9.98,9.97,113.64,1/28/2011,,,0,
1/27/2011,10.07,10.06,113.74,1/27/2011,,,0,
1/26/2011,10.08,10.07,113.74,1/26/2011,,,0,
1/25/2011,10.08,10.07,113.74,1/25/2011,,,0,
1/24/2011,10.05,10.05,113.74,1/24/2011,,,0,
1/21/2011,10,9.99,113.74,1/21/2011,,,0,
1/20/2011,10,9.99,114.19,1/20/2011,,,0,
1/19/2011,10.03,10.02,114.19,1/19/2011,,,0,
1/18/2011,10.07,10.06,114.19,1/18/2011,,,0,
1/17/2011,10.03,10.03,114.19,1/17/2011,,,0,
1/14/2011,10.03,10.03,114.19,1/14/2011,,,0,
1/13/2011,10.04,10.04,113.41,1/13/2011,,,0,
1/12/2011,10.04,10.04,113.41,1/12/2011,,,0,
1/11/2011,10.03,10.02,113.41,1/11/2011,,,0,
1/10/2011,10.01,10,113.41,1/10/2011,,,0,
1/07/2011,10.02,10.01,113.41,1/07/2011,,,0,
1/06/2011,10.03,10.02,114.4,1/06/2011,,,0,
1/05/2011,10.03,10.03,114.4,1/05/2011,,,0,
1/04/2011,10.04,10.04,114.4,1/04/2011,,,0,
12/31/2010,10.04,10.04,114.4,12/31/2010,,,0,
12/30/2010,10.04,10.04,114.05,12/30/2010,,,0,
12/29/2010,10.05,10.05,114.05,12/29/2010,,,0,
12/24/2010,10.04,10.03,114.05,12/24/2010,,,0,
12/23/2010,10.04,10.03,114.05,12/23/2010,,,0,
12/22/2010,10.04,10.04,113.42,12/22/2010,,,0,
12/21/2010,10.03,10.03,113.42,12/21/2010,,,0,
12/20/2010,10.03,10.02,113.42,12/20/2010,,,0,
12/17/2010,10.03,10.03,113.42,12/17/2010,,,0,
12/16/2010,10.03,10.03,112.41,12/16/2010,,,0,
12/15/2010,10.03,10.02,112.41,12/15/2010,,,0,
12/14/2010,10.03,10.02,112.41,12/14/2010,,,0,
12/13/2010,10.03,10.02,112.41,12/13/2010,,,0,
12/10/2010,10.02,10.02,112.41,12/10/2010,,,0,
12/09/2010,10.02,10.02,112.64,12/09/2010,,,0,
12/08/2010,10.02,10.02,112.64,12/08/2010,,,0,
12/07/2010,10.02,10.02,112.64,12/07/2010,,,0,
12/06/2010,10.02,10.01,112.64,12/06/2010,,,0,
12/03/2010,10.02,10.02,112.64,12/03/2010,,,0,
12/02/2010,10.02,10.01,109.81,12/02/2010,,,0,
12/01/2010,10,10,109.81,12/01/2010,,,0,
11/30/2010,9.98,9.98,109.81,11/30/2010,,,0,
11/29/2010,9.99,9.99,110.97,11/29/2010,,,0,
11/26/2010,10,10,110.97,11/26/2010,,,0,
11/25/2010,10.01,10.01,111.7,11/25/2010,,,0,
11/24/2010,10.01,10.01,111.7,11/24/2010,,,0,
11/23/2010,10,10,111.7,11/23/2010,,,0,
11/22/2010,10.02,10.02,111.7,11/22/2010,,,0,
11/19/2010,10.03,10.02,111.7,11/19/2010,,,0,
11/18/2010,10.02,10.02,111.46,11/18/2010,,,0,
11/17/2010,10,10,111.46,11/17/2010,,,0,
11/16/2010,10,10,111.46,11/16/2010,,,0,
11/15/2010,10.02,10.02,111.46,11/15/2010,,,0,
11/12/2010,10.02,10.02,111.46,11/12/2010,,,0,
11/11/2010,10.02,10.02,113.38,11/11/2010,,,0,
11/10/2010,10.03,10.03,113.38,11/10/2010,,,0,
11/09/2010,10.03,10.03,113.38,11/09/2010,,,0,
11/08/2010,10.04,10.03,113.38,11/08/2010,,,0,
11/05/2010,10.03,10.03,113.38,11/05/2010,,,0,
11/04/2010,10.05,10.05,111.55,11/04/2010,,,0,
11/03/2010,10.04,10.04,111.55,11/03/2010,,,0,
11/02/2010,10.04,10.04,111.55,11/02/2010,,,0,
11/01/2010,10.04,10.04,111.55,11/01/2010,,,0,
10/29/2010,10.03,10.03,111.55,10/29/2010,,,0,
10/28/2010,10.03,10.03,110.59,10/28/2010,,,0,
10/27/2010,10,10,110.59,10/27/2010,,,0,
10/26/2010,10,10,110.59,10/26/2010,,,0,
10/25/2010,10.01,10.01,110.59,10/25/2010,,,0,
10/22/2010,10,10,110.59,10/22/2010,,,0,
10/21/2010,10.01,10.01,110.09,10/21/2010,,,0,
10/20/2010,10,10,110.09,10/20/2010,,,0,
10/19/2010,9.98,9.98,110.09,10/19/2010,,,0,
10/18/2010,10.01,10.01,110.09,10/18/2010,,,0,
10/15/2010,10.01,10.01,110.09,10/15/2010,,,0,
10/14/2010,10.01,10.01,108.62,10/14/2010,,,0,
10/13/2010,10,10,108.62,10/13/2010,,,0,
10/12/2010,10,9.99,108.62,10/12/2010,,,0,
10/11/2010,9.99,9.99,108.62,10/11/2010,,,0,
10/08/2010,9.99,9.99,108.62,10/08/2010,,,0,
10/07/2010,10,10,107.64,10/07/2010,,,0,
10/06/2010,10,10,107.64,10/06/2010,,,0,
10/05/2010,10,10,107.64,10/05/2010,,,0,
10/04/2010,9.99,9.99,107.64,10/04/2010,,,0,
10/01/2010,10,10,107.64,10/01/2010,,,0,
9/30/2010,10,10,107.5,9/30/2010,,,0,
9/29/2010,,,107.59,,,,,
9/28/2010,,,107.59,,,,,
9/27/2010,,,107.59,,,,,
9/24/2010,,,107.59,,,,,
9/23/2010,,,105.67,,,,,
9/22/2010,,,105.67,,,,,
9/21/2010,,,105.67,,,,,
9/20/2010,,,105.67,,,,,
9/17/2010,,,105.67,,,,,
9/16/2010,,,103.71,,,,,
9/15/2010,,,103.71,,,,,
9/14/2010,,,103.71,,,,,
9/13/2010,,,103.71,,,,,
9/10/2010,,,103.71,,,,,
9/09/2010,,,102.92,,,,,
9/08/2010,,,102.92,,,,,
9/07/2010,,,102.92,,,,,
9/06/2010,,,102.92,,,,,
9/03/2010,,,102.92,,,,,
9/02/2010,,,98.89,,,,,
9/01/2010,,,98.89,,,,,
8/31/2010,,,98.89,,,,,
8/30/2010,,,99.78,,,,,
8/27/2010,,,99.78,,,,,
8/26/2010,,,100.52,,,,,
8/25/2010,,,100.52,,,,,
8/24/2010,,,100.52,,,,,
8/23/2010,,,100.52,,,,,
8/20/2010,,,100.52,,,,,
8/19/2010,,,100.72,,,,,
8/18/2010,,,100.72,,,,,
8/17/2010,,,100.72,,,,,
8/16/2010,,,100.72,,,,,
8/13/2010,,,100.72,,,,,
8/12/2010,,,104.68,,,,,
8/11/2010,,,104.68,,,,,
8/10/2010,,,104.68,,,,,
8/09/2010,,,104.68,,,,,
8/06/2010,,,104.68,,,,,
8/05/2010,,,103.13,,,,,
8/04/2010,,,103.13,,,,,
8/03/2010,,,103.13,,,,,
8/02/2010,,,103.13,,,,,
7/30/2010,,,103.13,,,,,
7/29/2010,,,103.86,,,,,
7/28/2010,,,103.86,,,,,
7/27/2010,,,103.86,,,,,
7/26/2010,,,103.86,,,,,
7/23/2010,,,103.86,,,,,
7/22/2010,,,100.92,,,,,
7/21/2010,,,100.92,,,,,
7/20/2010,,,100.92,,,,,
7/19/2010,,,100.92,,,,,
7/16/2010,,,100.92,,,,,
7/15/2010,,,100.71,,,,,
7/14/2010,,,100.71,,,,,
7/13/2010,,,100.71,,,,,
7/12/2010,,,100.71,,,,,
7/09/2010,,,100.71,,,,,
7/08/2010,,,97.06,,,,,
7/07/2010,,,97.06,,,,,
7/06/2010,,,97.06,,,,,
7/05/2010,,,97.06,,,,,
7/02/2010,,,97.06,,,,,
7/01/2010,,,97.37,,,,,
6/30/2010,,,97.37,,,,,
6/29/2010,,,100.72,,,,,
6/28/2010,,,100.72,,,,,
6/25/2010,,,100.72,,,,,
6/24/2010,,,104.04,,,,,
6/23/2010,,,104.04,,,,,
6/22/2010,,,104.04,,,,,
6/21/2010,,,104.04,,,,,
6/18/2010,,,104.04,,,,,
6/17/2010,,,101.89,,,,,
6/16/2010,,,101.89,,,,,
6/15/2010,,,101.89,,,,,
6/14/2010,,,101.89,,,,,
6/11/2010,,,101.89,,,,,
6/10/2010,,,99.82,,,,,
6/09/2010,,,99.82,,,,,
6/08/2010,,,99.82,,,,,
6/04/2010,,,99.82,,,,,
6/03/2010,,,101.24,,,,,
6/02/2010,,,101.24,,,,,
6/01/2010,,,101.24,,,,,
5/31/2010,,,101.24,,,,,
5/28/2010,,,101.24,,,,,
5/27/2010,,,99.99,,,,,
5/26/2010,,,99.99,,,,,
5/25/2010,,,99.99,,,,,
5/24/2010,,,99.99,,,,,
5/21/2010,,,99.99,,,,,
5/20/2010,,,104.05,,,,,
5/19/2010,,,104.05,,,,,
5/18/2010,,,104.05,,,,,
5/17/2010,,,104.05,,,,,
5/14/2010,,,104.05,,,,,
5/13/2010,,,101.43,,,,,
5/12/2010,,,101.43,,,,,
5/11/2010,,,101.43,,,,,
5/10/2010,,,101.43,,,,,
5/07/2010,,,101.43,,,,,
5/06/2010,,,109.66,,,,,
5/05/2010,,,109.66,,,,,
5/04/2010,,,109.66,,,,,
4/30/2010,,,109.66,,,,,
4/29/2010,,,111.42,,,,,
4/28/2010,,,111.42,,,,,
4/27/2010,,,111.42,,,,,
4/26/2010,,,111.42,,,,,
4/23/2010,,,111.42,,,,,
4/22/2010,,,109.65,,,,,
4/21/2010,,,109.65,,,,,
4/20/2010,,,109.65,,,,,
4/19/2010,,,109.65,,,,,
4/16/2010,,,109.65,,,,,
4/15/2010,,,109.44,,,,,
4/14/2010,,,109.44,,,,,
4/13/2010,,,109.44,,,,,
4/12/2010,,,109.44,,,,,
4/09/2010,,,109.44,,,,,
4/08/2010,,,108.58,,,,,
4/07/2010,,,108.58,,,,,
4/06/2010,,,108.58,,,,,
4/01/2010,,,108.58,,,,,
3/31/2010,,,107.62,,,,,
3/30/2010,,,107.2,,,,,
3/29/2010,,,107.2,,,,,
3/26/2010,,,107.2,,,,,
3/25/2010,,,106.63,,,,,
3/24/2010,,,106.63,,,,,
3/23/2010,,,106.63,,,,,
3/22/2010,,,106.63,,,,,
3/19/2010,,,106.63,,,,,
3/18/2010,,,106.33,,,,,
3/17/2010,,,106.33,,,,,
3/16/2010,,,106.33,,,,,
3/15/2010,,,106.33,,,,,
3/12/2010,,,106.33,,,,,
3/11/2010,,,105.31,,,,,
3/10/2010,,,105.31,,,,,
3/09/2010,,,105.31,,,,,
3/08/2010,,,105.31,,,,,
3/05/2010,,,105.31,,,,,
3/04/2010,,,101.8,,,,,
3/03/2010,,,101.8,,,,,
3/02/2010,,,101.8,,,,,
3/01/2010,,,101.8,,,,,
2/26/2010,,,101.8,,,,,
2/25/2010,,,101.63,,,,,
2/24/2010,,,101.63,,,,,
2/23/2010,,,101.63,,,,,
2/22/2010,,,101.63,,,,,
2/19/2010,,,101.63,,,,,
2/18/2010,,,99.52,,,,,
2/17/2010,,,99.52,,,,,
2/16/2010,,,99.52,,,,,
2/15/2010,,,99.52,,,,,
2/12/2010,,,99.52,,,,,
2/11/2010,,,98.14,,,,,
2/10/2010,,,98.14,,,,,
2/09/2010,,,98.14,,,,,
2/08/2010,,,98.14,,,,,
2/05/2010,,,98.14,,,,,
2/04/2010,,,99.79,,,,,
2/03/2010,,,99.79,,,,,
2/02/2010,,,99.79,,,,,
2/01/2010,,,99.79,,,,,
1/29/2010,,,99.79,,,,,
1/28/2010,,,101.86,,,,,
1/27/2010,,,101.86,,,,,
1/26/2010,,,101.86,,,,,
1/25/2010,,,101.86,,,,,
1/22/2010,,,101.86,,,,,
1/21/2010,,,105.79,,,,,
1/20/2010,,,105.79,,,,,
1/19/2010,,,105.79,,,,,
1/18/2010,,,105.79,,,,,
1/15/2010,,,105.79,,,,,
1/14/2010,,,106.35,,,,,
1/13/2010,,,106.35,,,,,
1/12/2010,,,106.35,,,,,
1/11/2010,,,106.35,,,,,
1/08/2010,,,106.35,,,,,
1/07/2010,,,104.05,,,,,
1/06/2010,,,104.05,,,,,
1/05/2010,,,104.05,,,,,
1/04/2010,,,104.05,,,,,
12/31/2009,,,104.05,,,,,
12/30/2009,,,104.12,,,,,
12/29/2009,,,104.12,,,,,
12/24/2009,,,104.12,,,,,
12/23/2009,,,102.24,,,,,
12/22/2009,,,102.24,,,,,
12/21/2009,,,102.24,,,,,
12/18/2009,,,102.24,,,,,
12/17/2009,,,103.02,,,,,
12/16/2009,,,103.02,,,,,
12/15/2009,,,103.02,,,,,
12/14/2009,,,103.02,,,,,
12/11/2009,,,103.02,,,,,
12/10/2009,,,103.49,,,,,
12/09/2009,,,103.49,,,,,
12/08/2009,,,103.49,,,,,
12/07/2009,,,103.49,,,,,
12/04/2009,,,103.49,,,,,
12/03/2009,,,100.6,,,,,
12/02/2009,,,100.6,,,,,
12/01/2009,,,100.6,,,,,
11/30/2009,,,100.6,,,,,
11/27/2009,,,100.36,,,,,
11/26/2009,,,100.28,,,,,
11/25/2009,,,100.28,,,,,
11/24/2009,,,100.28,,,,,
11/23/2009,,,100.28,,,,,
11/20/2009,,,100.28,,,,,
11/19/2009,,,102.23,,,,,
11/18/2009,,,102.23,,,,,
11/17/2009,,,102.23,,,,,
11/16/2009,,,102.23,,,,,
11/13/2009,,,102.23,,,,,
11/12/2009,,,99.5,,,,,
11/11/2009,,,99.5,,,,,
11/10/2009,,,99.5,,,,,
11/09/2009,,,99.5,,,,,
11/06/2009,,,99.5,,,,,
11/05/2009,,,96.95,,,,,
11/04/2009,,,96.95,,,,,
11/03/2009,,,96.95,,,,,
11/02/2009,,,96.95,,,,,
10/30/2009,,,96.95,,,,,
10/29/2009,,,100.45,,,,,
10/28/2009,,,100.45,,,,,
10/27/2009,,,100.45,,,,,
10/26/2009,,,100.45,,,,,
10/23/2009,,,100.45,,,,,
10/22/2009,,,100.9,,,,,
10/21/2009,,,100.9,,,,,
10/20/2009,,,100.9,,,,,
10/19/2009,,,100.9,,,,,
10/16/2009,,,100.9,,,,,
10/15/2009,,,100.19,,,,,
10/14/2009,,,100.19,,,,,
10/13/2009,,,100.19,,,,,
10/12/2009,,,100.19,,,,,
10/09/2009,,,100.19,,,,,
10/08/2009,,,95.33,,,,,
10/07/2009,,,95.33,,,,,
10/06/2009,,,95.33,,,,,
10/05/2009,,,95.33,,,,,
10/02/2009,,,95.33,,,,,
10/01/2009,,,98.86,,,,,
9/30/2009,,,98.86,,,,,
9/29/2009,,,97.56,,,,,
9/28/2009,,,97.56,,,,,
9/25/2009,,,97.56,,,,,
9/24/2009,,,98.76,,,,,
9/23/2009,,,98.76,,,,,
9/22/2009,,,98.76,,,,,
9/21/2009,,,98.76,,,,,
9/18/2009,,,98.76,,,,,
9/17/2009,,,97.73,,,,,
9/16/2009,,,97.73,,,,,
9/15/2009,,,97.73,,,,,
9/14/2009,,,97.73,,,,,
9/11/2009,,,97.73,,,,,
9/10/2009,,,93.83,,,,,
9/09/2009,,,93.83,,,,,
9/08/2009,,,93.83,,,,,
9/07/2009,,,93.83,,,,,
9/04/2009,,,93.83,,,,,
9/03/2009,,,93.83,,,,,
9/02/2009,,,93.83,,,,,
9/01/2009,,,93.83,,,,,
8/31/2009,,,93.83,,,,,
8/28/2009,,,94.62,,,,,
8/27/2009,,,93.68,,,,,
8/26/2009,,,93.68,,,,,
8/25/2009,,,93.68,,,,,
8/24/2009,,,93.68,,,,,
8/21/2009,,,93.68,,,,,
8/20/2009,,,93.26,,,,,
8/19/2009,,,93.26,,,,,
8/18/2009,,,93.26,,,,,
8/17/2009,,,93.26,,,,,
8/14/2009,,,93.26,,,,,
8/13/2009,,,93.54,,,,,
8/12/2009,,,93.54,,,,,
8/11/2009,,,93.54,,,,,
8/10/2009,,,93.54,,,,,
8/07/2009,,,93.54,,,,,
8/06/2009,,,93.2,,,,,
8/05/2009,,,93.2,,,,,
8/04/2009,,,93.2,,,,,
8/03/2009,,,93.2,,,,,
7/31/2009,,,93.2,,,,,
7/30/2009,,,92.69,,,,,
7/29/2009,,,92.69,,,,,
7/28/2009,,,92.69,,,,,
7/27/2009,,,92.69,,,,,
7/24/2009,,,92.69,,,,,
7/23/2009,,,88.6,,,,,
7/22/2009,,,88.6,,,,,
7/21/2009,,,88.6,,,,,
7/20/2009,,,88.6,,,,,
7/17/2009,,,88.6,,,,,
7/16/2009,,,83.43,,,,,
7/15/2009,,,83.43,,,,,
7/14/2009,,,83.43,,,,,
7/13/2009,,,83.43,,,,,
7/10/2009,,,83.43,,,,,
7/09/2009,,,86.06,,,,,
7/08/2009,,,86.06,,,,,
7/07/2009,,,86.06,,,,,
7/06/2009,,,86.06,,,,,
7/03/2009,,,86.06,,,,,
7/02/2009,,,86.06,,,,,
7/01/2009,,,86.06,,,,,
6/30/2009,,,86.06,,,,,
6/29/2009,,,87.04,,,,,
6/26/2009,,,87.04,,,,,
6/25/2009,,,87.04,,,,,
6/24/2009,,,87.04,,,,,
6/23/2009,,,87.04,,,,,
6/22/2009,,,87.04,,,,,
6/19/2009,,,87.04,,,,,
6/18/2009,,,87.04,,,,,
6/17/2009,,,87.04,,,,,
6/16/2009,,,87.04,,,,,
6/15/2009,,,87.04,,,,,
6/12/2009,,,87.04,,,,,
6/11/2009,,,84.72,,,,,
6/10/2009,,,84.72,,,,,
6/09/2009,,,84.72,,,,,
6/08/2009,,,84.72,,,,,
6/05/2009,,,84.72,,,,,
6/04/2009,,,84.72,,,,,
6/03/2009,,,84.72,,,,,
6/02/2009,,,84.72,,,,,
5/29/2009,,,84.72,,,,,
5/28/2009,,,81.25,,,,,
5/27/2009,,,81.25,,,,,
5/26/2009,,,81.25,,,,,
5/25/2009,,,81.25,,,,,
5/22/2009,,,81.25,,,,,
5/21/2009,,,81.25,,,,,
5/20/2009,,,81.25,,,,,
5/19/2009,,,81.25,,,,,
5/18/2009,,,81.25,,,,,
5/15/2009,,,81.25,,,,,
5/14/2009,,,81.25,,,,,
5/13/2009,,,81.83,,,,,
5/12/2009,,,81.83,,,,,
5/11/2009,,,81.83,,,,,
5/08/2009,,,81.83,,,,,
5/07/2009,,,81.83,,,,,
5/06/2009,,,81.83,,,,,
5/05/2009,,,81.83,,,,,
4/30/2009,,,81.83,,,,,
4/29/2009,,,79.14,,,,,
4/28/2009,,,79.14,,,,,
4/27/2009,,,79.14,,,,,
4/24/2009,,,79.14,,,,,
4/23/2009,,,79.14,,,,,
4/22/2009,,,79.14,,,,,
4/21/2009,,,79.14,,,,,
4/20/2009,,,79.14,,,,,
4/17/2009,,,79.14,,,,,
4/16/2009,,,79.14,,,,,
4/15/2009,,,79.14,,,,,
4/14/2009,,,79.14,,,,,
4/09/2009,,,76.31,,,,,
4/08/2009,,,76.31,,,,,
4/07/2009,,,76.31,,,,,
4/06/2009,,,76.31,,,,,
4/03/2009,,,76.31,,,,,
4/02/2009,,,76.31,,,,,
4/01/2009,,,76.31,,,,,
3/31/2009,,,76.31,,,,,
3/30/2009,,,71.53,,,,,
3/27/2009,,,71.53,,,,,
3/26/2009,,,71.53,,,,,
3/25/2009,,,71.53,,,,,
3/24/2009,,,71.53,,,,,
3/23/2009,,,71.53,,,,,
3/20/2009,,,71.53,,,,,
3/19/2009,,,71.53,,,,,
3/18/2009,,,71.53,,,,,
3/17/2009,,,71.53,,,,,
3/16/2009,,,71.53,,,,,
3/13/2009,,,71.53,,,,,
3/12/2009,,,71.53,,,,,
3/11/2009,,,71.75,,,,,
3/10/2009,,,71.75,,,,,
3/09/2009,,,71.75,,,,,
3/06/2009,,,71.75,,,,,
3/05/2009,,,71.75,,,,,
3/04/2009,,,71.75,,,,,
3/03/2009,,,71.75,,,,,
3/02/2009,,,71.75,,,,,
2/27/2009,,,71.75,,,,,
2/26/2009,,,78.57,,,,,
2/25/2009,,,78.57,,,,,
2/24/2009,,,78.57,,,,,
2/23/2009,,,78.57,,,,,
2/20/2009,,,78.57,,,,,
2/19/2009,,,78.57,,,,,
2/18/2009,,,78.57,,,,,
2/17/2009,,,78.57,,,,,
2/16/2009,,,78.57,,,,,
2/13/2009,,,78.57,,,,,
2/12/2009,,,78.57,,,,,
2/11/2009,,,78.36,,,,,
2/10/2009,,,78.36,,,,,
2/09/2009,,,78.36,,,,,
2/06/2009,,,78.36,,,,,
2/05/2009,,,78.36,,,,,
2/04/2009,,,78.36,,,,,
2/03/2009,,,78.36,,,,,
2/02/2009,,,78.36,,,,,
1/30/2009,,,78.36,,,,,
1/29/2009,,,80.01,,,,,
1/28/2009,,,80.01,,,,,
1/27/2009,,,80.01,,,,,
1/26/2009,,,80.01,,,,,
1/23/2009,,,80.01,,,,,
1/22/2009,,,80.01,,,,,
1/21/2009,,,80.01,,,,,
1/20/2009,,,80.01,,,,,
1/19/2009,,,80.01,,,,,
1/16/2009,,,80.01,,,,,
1/15/2009,,,80.01,,,,,
1/14/2009,,,80.01,,,,,
1/13/2009,,,84.56,,,,,
1/12/2009,,,84.56,,,,,
1/09/2009,,,84.56,,,,,
1/08/2009,,,84.56,,,,,
1/07/2009,,,84.56,,,,,
1/06/2009,,,84.56,,,,,
1/05/2009,,,84.56,,,,,
1/02/2009,,,84.56,,,,,
12/31/2008,,,84.56,,,,,
12/30/2008,,,81.42,,,,,
12/29/2008,,,81.42,,,,,
12/24/2008,,,81.42,,,,,
12/23/2008,,,81.42,,,,,
12/22/2008,,,81.42,,,,,
12/19/2008,,,81.42,,,,,
12/18/2008,,,81.42,,,,,
12/17/2008,,,81.42,,,,,
12/16/2008,,,81.42,,,,,
12/15/2008,,,81.42,,,,,
12/12/2008,,,81.42,,,,,
12/11/2008,,,81.97,,,,,
12/10/2008,,,81.97,,,,,
12/09/2008,,,81.97,,,,,
12/08/2008,,,81.97,,,,,
12/05/2008,,,81.97,,,,,
12/04/2008,,,81.97,,,,,
12/03/2008,,,81.97,,,,,
12/02/2008,,,81.97,,,,,
12/01/2008,,,81.97,,,,,
11/28/2008,,,81.97,,,,,
11/27/2008,,,84.57,,,,,
11/26/2008,,,84.57,,,,,
11/25/2008,,,84.57,,,,,
11/24/2008,,,84.57,,,,,
11/21/2008,,,84.57,,,,,
11/20/2008,,,84.57,,,,,
11/19/2008,,,84.57,,,,,
11/18/2008,,,84.57,,,,,
11/17/2008,,,84.57,,,,,
11/14/2008,,,84.57,,,,,
11/13/2008,,,84.57,,,,,
11/12/2008,,,89.01,,,,,
11/11/2008,,,89.01,,,,,
11/10/2008,,,89.01,,,,,
11/07/2008,,,89.01,,,,,
11/06/2008,,,89.01,,,,,
11/05/2008,,,89.01,,,,,
11/04/2008,,,89.01,,,,,
11/03/2008,,,89.01,,,,,
10/31/2008,,,89.01,,,,,
10/30/2008,,,93.08,,,,,
10/29/2008,,,93.08,,,,,
10/28/2008,,,93.08,,,,,
10/27/2008,,,93.08,,,,,
10/24/2008,,,93.08,,,,,
10/23/2008,,,93.08,,,,,
10/22/2008,,,93.08,,,,,
10/21/2008,,,93.08,,,,,
10/20/2008,,,93.08,,,,,
10/17/2008,,,93.08,,,,,
10/16/2008,,,93.08,,,,,
10/15/2008,,,93.08,,,,,
10/14/2008,,,93.08,,,,,
10/13/2008,,,108.09,,,,,
10/10/2008,,,108.09,,,,,
10/09/2008,,,108.09,,,,,
10/08/2008,,,108.09,,,,,
10/07/2008,,,108.09,,,,,
10/06/2008,,,108.09,,,,,
10/03/2008,,,108.09,,,,,
10/02/2008,,,108.09,,,,,
10/01/2008,,,108.09,,,,,
9/30/2008,,,108.09,,,,,
9/29/2008,,,112.78,,,,,
9/26/2008,,,112.78,,,,,
9/25/2008,,,112.78,,,,,
9/24/2008,,,112.78,,,,,
9/23/2008,,,112.78,,,,,
9/22/2008,,,112.78,,,,,
9/19/2008,,,112.78,,,,,
9/18/2008,,,112.78,,,,,
9/17/2008,,,112.78,,,,,
9/16/2008,,,112.78,,,,,
9/15/2008,,,112.78,,,,,
9/12/2008,,,112.78,,,,,
9/11/2008,,,115.87,,,,,
9/10/2008,,,115.87,,,,,
9/09/2008,,,115.87,,,,,
9/08/2008,,,115.87,,,,,
9/05/2008,,,115.87,,,,,
9/04/2008,,,115.87,,,,,
9/03/2008,,,115.87,,,,,
9/02/2008,,,115.87,,,,,
9/01/2008,,,115.87,,,,,
8/29/2008,,,115.87,,,,,
8/28/2008,,,117.46,,,,,
8/27/2008,,,117.46,,,,,
8/26/2008,,,117.46,,,,,
8/25/2008,,,117.46,,,,,
8/22/2008,,,117.46,,,,,
8/21/2008,,,117.46,,,,,
8/20/2008,,,117.46,,,,,
8/19/2008,,,117.46,,,,,
8/18/2008,,,117.46,,,,,
8/15/2008,,,117.46,,,,,
8/14/2008,,,117.46,,,,,
8/13/2008,,,115.76,,,,,
8/12/2008,,,115.76,,,,,
8/11/2008,,,115.76,,,,,
8/08/2008,,,115.76,,,,,
8/07/2008,,,115.76,,,,,
8/06/2008,,,115.76,,,,,
8/05/2008,,,115.76,,,,,
8/04/2008,,,115.76,,,,,
8/01/2008,,,115.76,,,,,
7/31/2008,,,115.76,,,,,
7/30/2008,,,110.91,,,,,
7/29/2008,,,110.91,,,,,
7/28/2008,,,110.91,,,,,
7/25/2008,,,110.91,,,,,
7/24/2008,,,110.91,,,,,
7/23/2008,,,110.91,,,,,
7/22/2008,,,110.91,,,,,
7/21/2008,,,110.91,,,,,
7/18/2008,,,110.91,,,,,
7/17/2008,,,110.91,,,,,
7/16/2008,,,110.91,,,,,
7/15/2008,,,110.91,,,,,
7/14/2008,,,110.91,,,,,
7/11/2008,,,112.69,,,,,
7/10/2008,,,112.69,,,,,
7/09/2008,,,112.69,,,,,
7/08/2008,,,112.69,,,,,
7/07/2008,,,112.69,,,,,
7/04/2008,,,112.69,,,,,
7/03/2008,,,112.69,,,,,
7/02/2008,,,112.69,,,,,
7/01/2008,,,112.69,,,,,
6/30/2008,,,112.69,,,,,
6/27/2008,,,116.97,,,,,
6/26/2008,,,116.97,,,,,
6/25/2008,,,116.97,,,,,
6/24/2008,,,116.97,,,,,
6/23/2008,,,116.97,,,,,
6/20/2008,,,116.97,,,,,
6/19/2008,,,116.97,,,,,
6/18/2008,,,116.97,,,,,
6/17/2008,,,116.97,,,,,
6/16/2008,,,116.97,,,,,
6/13/2008,,,116.97,,,,,
6/12/2008,,,116.97,,,,,
6/11/2008,,,121.19,,,,,
6/10/2008,,,121.19,,,,,
6/09/2008,,,121.19,,,,,
6/06/2008,,,121.19,,,,,
6/05/2008,,,121.19,,,,,
6/04/2008,,,121.19,,,,,
6/03/2008,,,121.19,,,,,
5/30/2008,,,121.19,,,,,
5/29/2008,,,120.21,,,,,
5/28/2008,,,120.21,,,,,
5/27/2008,,,120.21,,,,,
5/26/2008,,,120.21,,,,,
5/23/2008,,,120.21,,,,,
5/22/2008,,,120.21,,,,,
5/21/2008,,,120.21,,,,,
5/20/2008,,,120.21,,,,,
5/19/2008,,,120.21,,,,,
5/16/2008,,,120.21,,,,,
5/15/2008,,,120.21,,,,,
5/14/2008,,,120.21,,,,,
5/13/2008,,,119.75,,,,,
5/12/2008,,,119.75,,,,,
5/09/2008,,,119.75,,,,,
5/08/2008,,,119.75,,,,,
5/07/2008,,,119.75,,,,,
5/06/2008,,,119.75,,,,,
5/02/2008,,,119.75,,,,,
4/30/2008,,,119.75,,,,,
4/29/2008,,,115.32,,,,,
4/28/2008,,,115.32,,,,,
4/25/2008,,,115.32,,,,,
4/24/2008,,,115.32,,,,,
4/23/2008,,,115.32,,,,,
4/22/2008,,,115.32,,,,,
4/21/2008,,,115.32,,,,,
4/18/2008,,,115.32,,,,,
4/17/2008,,,115.32,,,,,
4/16/2008,,,115.32,,,,,
4/15/2008,,,115.32,,,,,
4/14/2008,,,115.32,,,,,
4/11/2008,,,115.01,,,,,
4/10/2008,,,115.01,,,,,
4/09/2008,,,115.01,,,,,
4/08/2008,,,115.01,,,,,
4/07/2008,,,115.01,,,,,
4/04/2008,,,115.01,,,,,
4/03/2008,,,115.01,,,,,
4/02/2008,,,115.01,,,,,
4/01/2008,,,115.01,,,,,
3/31/2008,,,115.01,,,,,
3/28/2008,,,112.9,,,,,
3/27/2008,,,112.9,,,,,
3/26/2008,,,112.9,,,,,
3/25/2008,,,112.9,,,,,
3/20/2008,,,112.9,,,,,
3/19/2008,,,112.9,,,,,
3/18/2008,,,112.9,,,,,
3/17/2008,,,112.9,,,,,
3/14/2008,,,112.9,,,,,
3/13/2008,,,112.9,,,,,
3/12/2008,,,116.25,,,,,
3/11/2008,,,116.25,,,,,
3/10/2008,,,116.25,,,,,
3/07/2008,,,116.25,,,,,
3/06/2008,,,116.25,,,,,
3/05/2008,,,116.25,,,,,
3/04/2008,,,116.25,,,,,
3/03/2008,,,116.25,,,,,
2/29/2008,,,116.25,,,,,
2/28/2008,,,117.01,,,,,
2/27/2008,,,117.01,,,,,
2/26/2008,,,117.01,,,,,
2/25/2008,,,117.01,,,,,
2/22/2008,,,117.01,,,,,
2/21/2008,,,117.01,,,,,
2/20/2008,,,117.01,,,,,
2/19/2008,,,117.01,,,,,
2/18/2008,,,117.01,,,,,
2/15/2008,,,117.01,,,,,
2/14/2008,,,117.01,,,,,
2/13/2008,,,116.37,,,,,
2/12/2008,,,116.37,,,,,
2/11/2008,,,116.37,,,,,
2/08/2008,,,116.37,,,,,
2/07/2008,,,116.37,,,,,
2/06/2008,,,116.37,,,,,
2/05/2008,,,116.37,,,,,
2/04/2008,,,116.37,,,,,
2/01/2008,,,116.37,,,,,
1/31/2008,,,116.37,,,,,
1/30/2008,,,124.74,,,,,
1/29/2008,,,124.74,,,,,
1/28/2008,,,124.74,,,,,
1/25/2008,,,124.74,,,,,
1/24/2008,,,124.74,,,,,
1/23/2008,,,124.74,,,,,
1/22/2008,,,124.74,,,,,
1/21/2008,,,124.74,,,,,
1/18/2008,,,124.74,,,,,
1/17/2008,,,124.74,,,,,
1/16/2008,,,124.74,,,,,
1/15/2008,,,124.74,,,,,
1/14/2008,,,124.74,,,,,
1/11/2008,,,132.45,,,,,
1/10/2008,,,132.45,,,,,
1/09/2008,,,132.45,,,,,
1/08/2008,,,132.45,,,,,
1/07/2008,,,132.45,,,,,
1/04/2008,,,132.45,,,,,
1/03/2008,,,132.45,,,,,
1/02/2008,,,132.45,,,,,
12/31/2007,,,132.45,,,,,
12/28/2007,,,133.19,,,,,
12/27/2007,,,133.19,,,,,
12/24/2007,,,133.19,,,,,
12/21/2007,,,133.19,,,,,
12/20/2007,,,133.19,,,,,
12/19/2007,,,133.19,,,,,
12/18/2007,,,133.19,,,,,
12/17/2007,,,133.19,,,,,
12/14/2007,,,133.19,,,,,
12/13/2007,,,133.19,,,,,
12/12/2007,,,131.42,,,,,
12/11/2007,,,131.42,,,,,
12/10/2007,,,131.42,,,,,
12/07/2007,,,131.42,,,,,
12/06/2007,,,131.42,,,,,
12/05/2007,,,131.42,,,,,
12/04/2007,,,131.42,,,,,
12/03/2007,,,131.42,,,,,
11/30/2007,,,131.42,,,,,
11/29/2007,,,130.99,,,,,
11/28/2007,,,130.99,,,,,
11/27/2007,,,130.99,,,,,
11/26/2007,,,130.99,,,,,
11/23/2007,,,130.99,,,,,
11/22/2007,,,130.99,,,,,
11/21/2007,,,130.99,,,,,
11/20/2007,,,130.99,,,,,
11/19/2007,,,130.99,,,,,
11/16/2007,,,130.99,,,,,
11/15/2007,,,130.99,,,,,
11/14/2007,,,130.99,,,,,
11/13/2007,,,137.74,,,,,
11/12/2007,,,137.74,,,,,
11/09/2007,,,137.74,,,,,
11/08/2007,,,137.74,,,,,
11/07/2007,,,137.74,,,,,
11/06/2007,,,137.74,,,,,
11/05/2007,,,137.74,,,,,
11/02/2007,,,137.74,,,,,
11/01/2007,,,137.74,,,,,
10/31/2007,,,137.74,,,,,
10/30/2007,,,133.35,,,,,
10/29/2007,,,133.35,,,,,
10/26/2007,,,133.35,,,,,
10/25/2007,,,133.35,,,,,
10/24/2007,,,133.35,,,,,
10/23/2007,,,133.35,,,,,
10/22/2007,,,133.35,,,,,
10/19/2007,,,133.35,,,,,
10/18/2007,,,133.35,,,,,
10/17/2007,,,133.35,,,,,
10/16/2007,,,133.35,,,,,
10/15/2007,,,133.35,,,,,
10/12/2007,,,133.35,,,,,
10/11/2007,,,129.23,,,,,
10/10/2007,,,129.23,,,,,
10/09/2007,,,129.23,,,,,
10/08/2007,,,129.23,,,,,
10/05/2007,,,129.23,,,,,
10/04/2007,,,129.23,,,,,
10/03/2007,,,129.23,,,,,
10/02/2007,,,129.23,,,,,
10/01/2007,,,129.23,,,,,
9/28/2007,,,129.23,,,,,
9/27/2007,,,121.36,,,,,
9/26/2007,,,121.36,,,,,
9/25/2007,,,121.36,,,,,
9/24/2007,,,121.36,,,,,
9/21/2007,,,121.36,,,,,
9/20/2007,,,121.36,,,,,
9/19/2007,,,121.36,,,,,
9/18/2007,,,121.36,,,,,
9/17/2007,,,121.36,,,,,
9/14/2007,,,121.36,,,,,
9/13/2007,,,121.36,,,,,
9/12/2007,,,119.5,,,,,
9/11/2007,,,119.5,,,,,
9/10/2007,,,119.5,,,,,
9/07/2007,,,119.5,,,,,
9/06/2007,,,119.5,,,,,
9/05/2007,,,119.5,,,,,
9/04/2007,,,119.5,,,,,
9/03/2007,,,119.5,,,,,
8/31/2007,,,119.5,,,,,
8/30/2007,,,116.48,,,,,
8/29/2007,,,116.48,,,,,
8/28/2007,,,116.48,,,,,
8/27/2007,,,116.48,,,,,
8/24/2007,,,116.48,,,,,
8/23/2007,,,116.48,,,,,
8/22/2007,,,116.48,,,,,
8/21/2007,,,116.48,,,,,
8/20/2007,,,116.48,,,,,
8/17/2007,,,116.48,,,,,
8/16/2007,,,116.48,,,,,
8/15/2007,,,116.48,,,,,
8/14/2007,,,116.48,,,,,
8/13/2007,,,120.84,,,,,
8/10/2007,,,120.84,,,,,
8/09/2007,,,120.84,,,,,
8/08/2007,,,120.84,,,,,
8/07/2007,,,120.84,,,,,
8/06/2007,,,120.84,,,,,
8/03/2007,,,120.84,,,,,
8/02/2007,,,120.84,,,,,
8/01/2007,,,120.84,,,,,
7/31/2007,,,120.84,,,,,
7/30/2007,,,124.58,,,,,
7/27/2007,,,124.58,,,,,
7/26/2007,,,124.58,,,,,
7/25/2007,,,124.58,,,,,
7/24/2007,,,124.58,,,,,
7/23/2007,,,124.58,,,,,
7/20/2007,,,124.58,,,,,
7/19/2007,,,124.58,,,,,
7/18/2007,,,124.58,,,,,
7/17/2007,,,124.58,,,,,
7/16/2007,,,124.58,,,,,
7/13/2007,,,124.58,,,,,
7/12/2007,,,124.58,,,,,
7/11/2007,,,120.49,,,,,
7/10/2007,,,120.49,,,,,
7/09/2007,,,120.49,,,,,
7/06/2007,,,120.49,,,,,
7/05/2007,,,120.49,,,,,
7/04/2007,,,120.49,,,,,
7/03/2007,,,120.49,,,,,
7/02/2007,,,120.49,,,,,
6/29/2007,,,120.49,,,,,
6/28/2007,,,118.75,,,,,
6/27/2007,,,118.75,,,,,
6/26/2007,,,118.75,,,,,
6/25/2007,,,118.75,,,,,
6/22/2007,,,118.75,,,,,
6/21/2007,,,118.75,,,,,
6/20/2007,,,118.75,,,,,
6/19/2007,,,118.75,,,,,
6/18/2007,,,118.75,,,,,
6/15/2007,,,118.75,,,,,
6/14/2007,,,118.75,,,,,
6/13/2007,,,118.46,,,,,
6/12/2007,,,118.46,,,,,
6/11/2007,,,118.46,,,,,
6/08/2007,,,118.46,,,,,
6/07/2007,,,118.46,,,,,
6/06/2007,,,118.46,,,,,
6/05/2007,,,118.46,,,,,
6/01/2007,,,118.46,,,,,
5/31/2007,,,118.46,,,,,
5/30/2007,,,117.52,,,,,
5/29/2007,,,117.52,,,,,
5/28/2007,,,117.52,,,,,
5/25/2007,,,117.52,,,,,
5/24/2007,,,117.52,,,,,
5/23/2007,,,117.52,,,,,
5/22/2007,,,117.52,,,,,
5/21/2007,,,117.52,,,,,
5/18/2007,,,117.52,,,,,
5/17/2007,,,117.52,,,,,
5/16/2007,,,117.52,,,,,
5/15/2007,,,117.52,,,,,
5/14/2007,,,117.52,,,,,
5/11/2007,,,115.44,,,,,
5/10/2007,,,115.44,,,,,
5/09/2007,,,115.44,,,,,
5/08/2007,,,115.44,,,,,
5/04/2007,,,115.44,,,,,
5/03/2007,,,115.44,,,,,
5/02/2007,,,115.44,,,,,
5/01/2007,,,115.44,,,,,
4/30/2007,,,115.44,,,,,
4/27/2007,,,115.89,,,,,
4/26/2007,,,115.89,,,,,
4/25/2007,,,115.89,,,,,
4/24/2007,,,115.89,,,,,
4/23/2007,,,115.89,,,,,
4/20/2007,,,115.89,,,,,
4/19/2007,,,115.89,,,,,
4/18/2007,,,115.89,,,,,
4/17/2007,,,115.89,,,,,
4/16/2007,,,115.89,,,,,
4/13/2007,,,115.89,,,,,
4/12/2007,,,115.89,,,,,
4/11/2007,,,112.38,,,,,
4/10/2007,,,112.38,,,,,
4/05/2007,,,112.38,,,,,
4/04/2007,,,112.38,,,,,
4/03/2007,,,112.38,,,,,
4/02/2007,,,112.38,,,,,
3/30/2007,,,112.38,,,,,
3/29/2007,,,108.48,,,,,
3/28/2007,,,108.48,,,,,
3/27/2007,,,108.48,,,,,
3/26/2007,,,108.48,,,,,
3/23/2007,,,108.48,,,,,
3/22/2007,,,108.48,,,,,
3/21/2007,,,108.48,,,,,
3/20/2007,,,108.48,,,,,
3/19/2007,,,108.48,,,,,
3/16/2007,,,108.48,,,,,
3/15/2007,,,108.48,,,,,
3/14/2007,,,108.48,,,,,
3/13/2007,,,109.28,,,,,
3/12/2007,,,109.28,,,,,
3/09/2007,,,109.28,,,,,
3/08/2007,,,109.28,,,,,
3/07/2007,,,109.28,,,,,
3/06/2007,,,109.28,,,,,
3/05/2007,,,109.28,,,,,
3/02/2007,,,109.28,,,,,
3/01/2007,,,109.28,,,,,
2/28/2007,,,109.28,,,,,
2/27/2007,,,111.07,,,,,
2/26/2007,,,111.07,,,,,
2/23/2007,,,111.07,,,,,
2/22/2007,,,111.07,,,,,
2/21/2007,,,111.07,,,,,
2/20/2007,,,111.07,,,,,
2/19/2007,,,111.07,,,,,
2/16/2007,,,111.07,,,,,
2/15/2007,,,111.07,,,,,
2/14/2007,,,111.07,,,,,
2/13/2007,,,109.36,,,,,
2/12/2007,,,109.36,,,,,
2/09/2007,,,109.36,,,,,
2/08/2007,,,109.36,,,,,
2/07/2007,,,109.36,,,,,
2/06/2007,,,109.36,,,,,
2/05/2007,,,109.36,,,,,
2/02/2007,,,109.36,,,,,
2/01/2007,,,109.36,,,,,
1/31/2007,,,109.36,,,,,
1/30/2007,,,108.04,,,,,
1/29/2007,,,108.04,,,,,
1/26/2007,,,108.04,,,,,
1/25/2007,,,108.04,,,,,
1/24/2007,,,108.04,,,,,
1/23/2007,,,108.04,,,,,
1/22/2007,,,108.04,,,,,
1/19/2007,,,108.04,,,,,
1/18/2007,,,108.04,,,,,
1/17/2007,,,108.04,,,,,
1/16/2007,,,108.04,,,,,
1/15/2007,,,108.04,,,,,
1/12/2007,,,108.04,,,,,
1/11/2007,,,106.24,,,,,
1/10/2007,,,106.24,,,,,
1/09/2007,,,106.24,,,,,
1/08/2007,,,106.24,,,,,
1/05/2007,,,106.24,,,,,
1/04/2007,,,106.24,,,,,
1/03/2007,,,106.24,,,,,
1/02/2007,,,106.24,,,,,
12/29/2006,,,106.24,,,,,
12/28/2006,,,105.52,,,,,
12/27/2006,,,105.52,,,,,
12/22/2006,,,105.52,,,,,
12/21/2006,,,105.52,,,,,
12/20/2006,,,105.52,,,,,
12/19/2006,,,105.52,,,,,
12/18/2006,,,105.52,,,,,
12/15/2006,,,105.52,,,,,
12/14/2006,,,105.52,,,,,
12/13/2006,,,103.99,,,,,
12/12/2006,,,103.99,,,,,
12/11/2006,,,103.99,,,,,
12/08/2006,,,103.99,,,,,
12/07/2006,,,103.99,,,,,
12/06/2006,,,103.99,,,,,
12/05/2006,,,103.99,,,,,
12/04/2006,,,103.99,,,,,
12/01/2006,,,103.99,,,,,
11/30/2006,,,103.99,,,,,
11/29/2006,,,104.61,,,,,
11/28/2006,,,104.61,,,,,
11/27/2006,,,104.61,,,,,
11/24/2006,,,104.61,,,,,
11/23/2006,,,104.61,,,,,
11/22/2006,,,104.61,,,,,
11/21/2006,,,104.61,,,,,
11/20/2006,,,104.61,,,,,
11/17/2006,,,104.61,,,,,
11/16/2006,,,104.61,,,,,
11/15/2006,,,104.61,,,,,
11/14/2006,,,104.61,,,,,
11/13/2006,,,103,,,,,
11/10/2006,,,103,,,,,
11/09/2006,,,103,,,,,
11/08/2006,,,103,,,,,
11/07/2006,,,103,,,,,
11/06/2006,,,103,,,,,
11/03/2006,,,103,,,,,
11/02/2006,,,103,,,,,
11/01/2006,,,103,,,,,
10/31/2006,,,103,,,,,
10/30/2006,,,102.84,,,,,
10/27/2006,,,102.84,,,,,
10/26/2006,,,102.84,,,,,
10/25/2006,,,102.84,,,,,
10/24/2006,,,102.84,,,,,
10/23/2006,,,102.84,,,,,
10/20/2006,,,102.84,,,,,
10/19/2006,,,102.84,,,,,
10/18/2006,,,102.84,,,,,
10/17/2006,,,102.84,,,,,
10/16/2006,,,102.84,,,,,
10/13/2006,,,102.84,,,,,
10/12/2006,,,102.84,,,,,
10/11/2006,,,100.16,,,,,
10/10/2006,,,100.16,,,,,
10/09/2006,,,100.16,,,,,
10/06/2006,,,100.16,,,,,
10/05/2006,,,100.16,,,,,
10/04/2006,,,100.16,,,,,
10/03/2006,,,100.16,,,,,
10/02/2006,,,100.16,,,,,
9/29/2006,,,100.16,,,,,
9/28/2006,,,100,,,,,
9/27/2006,,,100,,,,,
9/26/2006,,,100,,,,,
9/25/2006,,,100,,,,,
9/22/2006,,,100,,,,,
9/21/2006,,,100,,,,,
9/20/2006,,,100,,,,,
9/19/2006,,,100,,,,,
9/18/2006,,,100,,,,,
9/15/2006,,,100,,,,,
9/14/2006,,,100,,,,,
9/13/2006,,,100,,,,,
9/12/2006,,,100,,,,,
9/11/2006,,,100,,,,,
9/08/2006,,,100,,,,,
9/07/2006,,,100,,,,,
9/06/2006,,,100,,,,,
9/05/2006,,,100,,,,,
9/04/2006,,,100,,,,,
9/01/2006,,,100,,,,,
